,number
2001-01-01,0
2001-01-02,1
2001-01-03,2
2001-01-04,3
2001-01-05,4
2001-01-08,5
2001-01-09,6
2001-01-10,7
2001-01-11,8
2001-01-12,9
2001-01-15,10
2001-01-16,11
2001-01-17,12
2001-01-18,13
2001-01-19,14
2001-01-22,15
2001-01-23,16
2001-01-24,17
2001-01-25,18
2001-01-29,19
2001-01-30,20
2001-01-31,21
2001-02-01,22
2001-02-02,23
2001-02-05,24
2001-02-06,25
2001-02-07,26
2001-02-08,27
2001-02-09,28
2001-02-12,29
2001-02-13,30
2001-02-14,31
2001-02-15,32
2001-02-16,33
2001-02-19,34
2001-02-20,35
2001-02-21,36
2001-02-22,37
2001-02-23,38
2001-02-26,39
2001-02-27,40
2001-02-28,41
2001-03-01,42
2001-03-02,43
2001-03-05,44
2001-03-07,45
2001-03-08,46
2001-03-09,47
2001-03-12,48
2001-03-13,49
2001-03-14,50
2001-03-15,51
2001-03-16,52
2001-03-19,53
2001-03-20,54
2001-03-21,55
2001-03-22,56
2001-03-23,57
2001-03-26,58
2001-03-27,59
2001-03-28,60
2001-03-29,61
2001-03-30,62
2001-04-02,63
2001-04-03,64
2001-04-04,65
2001-04-06,66
2001-04-09,67
2001-04-10,68
2001-04-11,69
2001-04-12,70
2001-04-16,71
2001-04-17,72
2001-04-18,73
2001-04-19,74
2001-04-20,75
2001-04-23,76
2001-04-24,77
2001-04-25,78
2001-04-26,79
2001-04-27,80
2001-04-30,81
2001-05-02,82
2001-05-03,83
2001-05-04,84
2001-05-07,85
2001-05-08,86
2001-05-09,87
2001-05-10,88
2001-05-11,89
2001-05-14,90
2001-05-15,91
2001-05-16,92
2001-05-17,93
2001-05-18,94
2001-05-21,95
2001-05-22,96
2001-05-23,97
2001-05-24,98
2001-05-25,99
2001-05-28,100
2001-05-29,101
2001-05-30,102
2001-05-31,103
2001-06-01,104
2001-06-04,105
2001-06-05,106
2001-06-06,107
2001-06-07,108
2001-06-08,109
2001-06-11,110
2001-06-12,111
2001-06-13,112
2001-06-14,113
2001-06-15,114
2001-06-18,115
2001-06-19,116
2001-06-20,117
2001-06-21,118
2001-06-22,119
2001-06-25,120
2001-06-26,121
2001-06-27,122
2001-06-28,123
2001-06-29,124
2001-07-02,125
2001-07-03,126
2001-07-04,127
2001-07-05,128
2001-07-06,129
2001-07-09,130
2001-07-10,131
2001-07-11,132
2001-07-12,133
2001-07-13,134
2001-07-16,135
2001-07-17,136
2001-07-18,137
2001-07-19,138
2001-07-20,139
2001-07-23,140
2001-07-24,141
2001-07-25,142
2001-07-26,143
2001-07-27,144
2001-07-30,145
2001-07-31,146
2001-08-01,147
2001-08-02,148
2001-08-03,149
2001-08-06,150
2001-08-07,151
2001-08-08,152
2001-08-09,153
2001-08-10,154
2001-08-13,155
2001-08-14,156
2001-08-16,157
2001-08-17,158
2001-08-20,159
2001-08-21,160
2001-08-23,161
2001-08-24,162
2001-08-27,163
2001-08-28,164
2001-08-29,165
2001-08-30,166
2001-08-31,167
2001-09-03,168
2001-09-04,169
2001-09-05,170
2001-09-06,171
2001-09-07,172
2001-09-10,173
2001-09-11,174
2001-09-12,175
2001-09-13,176
2001-09-14,177
2001-09-17,178
2001-09-18,179
2001-09-19,180
2001-09-20,181
2001-09-21,182
2001-09-24,183
2001-09-25,184
2001-09-26,185
2001-09-27,186
2001-09-28,187
2001-10-01,188
2001-10-03,189
2001-10-04,190
2001-10-05,191
2001-10-08,192
2001-10-09,193
2001-10-10,194
2001-10-11,195
2001-10-12,196
2001-10-15,197
2001-10-16,198
2001-10-17,199
2001-10-18,200
2001-10-19,201
2001-10-22,202
2001-10-23,203
2001-10-24,204
2001-10-25,205
2001-10-29,206
2001-10-30,207
2001-10-31,208
2001-11-01,209
2001-11-02,210
2001-11-05,211
2001-11-06,212
2001-11-07,213
2001-11-08,214
2001-11-09,215
2001-11-12,216
2001-11-13,217
2001-11-14,218
2001-11-15,219
2001-11-19,220
2001-11-20,221
2001-11-21,222
2001-11-22,223
2001-11-23,224
2001-11-26,225
2001-11-27,226
2001-11-28,227
2001-11-29,228
2001-12-03,229
2001-12-04,230
2001-12-05,231
2001-12-06,232
2001-12-07,233
2001-12-10,234
2001-12-11,235
2001-12-12,236
2001-12-13,237
2001-12-14,238
2001-12-18,239
2001-12-19,240
2001-12-20,241
2001-12-21,242
2001-12-24,243
2001-12-26,244
2001-12-27,245
2001-12-28,246
2001-12-31,247
2002-01-01,248
2002-01-02,249
2002-01-03,250
2002-01-04,251
2002-01-07,252
2002-01-08,253
2002-01-09,254
2002-01-10,255
2002-01-11,256
2002-01-14,257
2002-01-15,258
2002-01-16,259
2002-01-17,260
2002-01-18,261
2002-01-21,262
2002-01-22,263
2002-01-23,264
2002-01-24,265
2002-01-25,266
2002-01-28,267
2002-01-29,268
2002-01-30,269
2002-01-31,270
2002-02-01,271
2002-02-04,272
2002-02-05,273
2002-02-06,274
2002-02-07,275
2002-02-08,276
2002-02-11,277
2002-02-12,278
2002-02-13,279
2002-02-14,280
2002-02-15,281
2002-02-18,282
2002-02-19,283
2002-02-20,284
2002-02-21,285
2002-02-22,286
2002-02-25,287
2002-02-26,288
2002-02-27,289
2002-02-28,290
2002-03-01,291
2002-03-04,292
2002-03-05,293
2002-03-06,294
2002-03-07,295
2002-03-08,296
2002-03-11,297
2002-03-12,298
2002-03-13,299
2002-03-14,300
2002-03-15,301
2002-03-18,302
2002-03-19,303
2002-03-20,304
2002-03-21,305
2002-03-22,306
2002-03-26,307
2002-03-27,308
2002-03-28,309
2002-04-01,310
2002-04-02,311
2002-04-03,312
2002-04-04,313
2002-04-05,314
2002-04-08,315
2002-04-09,316
2002-04-10,317
2002-04-11,318
2002-04-12,319
2002-04-15,320
2002-04-16,321
2002-04-17,322
2002-04-18,323
2002-04-19,324
2002-04-22,325
2002-04-23,326
2002-04-24,327
2002-04-25,328
2002-04-26,329
2002-04-29,330
2002-04-30,331
2002-05-02,332
2002-05-03,333
2002-05-06,334
2002-05-07,335
2002-05-08,336
2002-05-09,337
2002-05-10,338
2002-05-13,339
2002-05-14,340
2002-05-15,341
2002-05-16,342
2002-05-17,343
2002-05-20,344
2002-05-21,345
2002-05-22,346
2002-05-23,347
2002-05-24,348
2002-05-27,349
2002-05-28,350
2002-05-29,351
2002-05-30,352
2002-05-31,353
2002-06-03,354
2002-06-04,355
2002-06-05,356
2002-06-06,357
2002-06-07,358
2002-06-10,359
2002-06-11,360
2002-06-12,361
2002-06-13,362
2002-06-14,363
2002-06-17,364
2002-06-18,365
2002-06-19,366
2002-06-20,367
2002-06-21,368
2002-06-24,369
2002-06-25,370
2002-06-26,371
2002-06-27,372
2002-06-28,373
2002-07-01,374
2002-07-02,375
2002-07-03,376
2002-07-04,377
2002-07-05,378
2002-07-08,379
2002-07-09,380
2002-07-10,381
2002-07-11,382
2002-07-12,383
2002-07-15,384
2002-07-16,385
2002-07-17,386
2002-07-18,387
2002-07-19,388
2002-07-22,389
2002-07-23,390
2002-07-24,391
2002-07-25,392
2002-07-26,393
2002-07-29,394
2002-07-30,395
2002-07-31,396
2002-08-01,397
2002-08-02,398
2002-08-05,399
2002-08-06,400
2002-08-07,401
2002-08-08,402
2002-08-09,403
2002-08-12,404
2002-08-13,405
2002-08-14,406
2002-08-16,407
2002-08-19,408
2002-08-20,409
2002-08-21,410
2002-08-22,411
2002-08-23,412
2002-08-26,413
2002-08-27,414
2002-08-28,415
2002-08-29,416
2002-08-30,417
2002-09-02,418
2002-09-03,419
2002-09-04,420
2002-09-05,421
2002-09-06,422
2002-09-09,423
2002-09-11,424
2002-09-12,425
2002-09-13,426
2002-09-16,427
2002-09-17,428
2002-09-18,429
2002-09-19,430
2002-09-20,431
2002-09-23,432
2002-09-24,433
2002-09-25,434
2002-09-26,435
2002-09-27,436
2002-09-30,437
2002-10-01,438
2002-10-03,439
2002-10-04,440
2002-10-07,441
2002-10-08,442
2002-10-09,443
2002-10-10,444
2002-10-11,445
2002-10-14,446
2002-10-16,447
2002-10-17,448
2002-10-18,449
2002-10-21,450
2002-10-22,451
2002-10-23,452
2002-10-24,453
2002-10-25,454
2002-10-28,455
2002-10-29,456
2002-10-30,457
2002-10-31,458
2002-11-01,459
2002-11-04,460
2002-11-05,461
2002-11-07,462
2002-11-08,463
2002-11-11,464
2002-11-12,465
2002-11-13,466
2002-11-14,467
2002-11-15,468
2002-11-18,469
2002-11-20,470
2002-11-21,471
2002-11-22,472
2002-11-25,473
2002-11-26,474
2002-11-27,475
2002-11-28,476
2002-11-29,477
2002-12-02,478
2002-12-03,479
2002-12-04,480
2002-12-05,481
2002-12-06,482
2002-12-09,483
2002-12-10,484
2002-12-11,485
2002-12-12,486
2002-12-13,487
2002-12-16,488
2002-12-17,489
2002-12-18,490
2002-12-19,491
2002-12-20,492
2002-12-23,493
2002-12-24,494
2002-12-26,495
2002-12-27,496
2002-12-30,497
2002-12-31,498
2003-01-01,499
2003-01-02,500
2003-01-03,501
2003-01-06,502
2003-01-07,503
2003-01-08,504
2003-01-09,505
2003-01-10,506
2003-01-13,507
2003-01-14,508
2003-01-15,509
2003-01-16,510
2003-01-17,511
2003-01-20,512
2003-01-21,513
2003-01-22,514
2003-01-23,515
2003-01-24,516
2003-01-27,517
2003-01-28,518
2003-01-29,519
2003-01-30,520
2003-01-31,521
2003-02-03,522
2003-02-04,523
2003-02-05,524
2003-02-06,525
2003-02-07,526
2003-02-10,527
2003-02-11,528
2003-02-12,529
2003-02-14,530
2003-02-17,531
2003-02-18,532
2003-02-19,533
2003-02-20,534
2003-02-21,535
2003-02-24,536
2003-02-25,537
2003-02-26,538
2003-02-27,539
2003-02-28,540
2003-03-03,541
2003-03-04,542
2003-03-05,543
2003-03-06,544
2003-03-07,545
2003-03-10,546
2003-03-11,547
2003-03-12,548
2003-03-13,549
2003-03-17,550
2003-03-19,551
2003-03-20,552
2003-03-21,553
2003-03-22,554
2003-03-24,555
2003-03-25,556
2003-03-26,557
2003-03-27,558
2003-03-28,559
2003-03-31,560
2003-04-01,561
2003-04-02,562
2003-04-03,563
2003-04-04,564
2003-04-07,565
2003-04-08,566
2003-04-09,567
2003-04-10,568
2003-04-11,569
2003-04-15,570
2003-04-16,571
2003-04-17,572
2003-04-21,573
2003-04-22,574
2003-04-23,575
2003-04-24,576
2003-04-25,577
2003-04-28,578
2003-04-29,579
2003-04-30,580
2003-05-02,581
2003-05-05,582
2003-05-06,583
2003-05-07,584
2003-05-08,585
2003-05-09,586
2003-05-12,587
2003-05-13,588
2003-05-14,589
2003-05-15,590
2003-05-16,591
2003-05-19,592
2003-05-20,593
2003-05-21,594
2003-05-22,595
2003-05-23,596
2003-05-26,597
2003-05-27,598
2003-05-28,599
2003-05-29,600
2003-05-30,601
2003-06-02,602
2003-06-03,603
2003-06-04,604
2003-06-05,605
2003-06-06,606
2003-06-09,607
2003-06-10,608
2003-06-11,609
2003-06-12,610
2003-06-13,611
2003-06-16,612
2003-06-17,613
2003-06-18,614
2003-06-19,615
2003-06-20,616
2003-06-23,617
2003-06-24,618
2003-06-25,619
2003-06-26,620
2003-06-27,621
2003-06-30,622
2003-07-01,623
2003-07-02,624
2003-07-03,625
2003-07-04,626
2003-07-07,627
2003-07-08,628
2003-07-09,629
2003-07-10,630
2003-07-11,631
2003-07-14,632
2003-07-15,633
2003-07-16,634
2003-07-17,635
2003-07-18,636
2003-07-21,637
2003-07-22,638
2003-07-23,639
2003-07-24,640
2003-07-25,641
2003-07-28,642
2003-07-29,643
2003-07-30,644
2003-07-31,645
2003-08-01,646
2003-08-04,647
2003-08-05,648
2003-08-06,649
2003-08-07,650
2003-08-08,651
2003-08-11,652
2003-08-12,653
2003-08-13,654
2003-08-14,655
2003-08-18,656
2003-08-19,657
2003-08-20,658
2003-08-21,659
2003-08-22,660
2003-08-25,661
2003-08-26,662
2003-08-27,663
2003-08-28,664
2003-08-29,665
2003-09-01,666
2003-09-02,667
2003-09-03,668
2003-09-04,669
2003-09-05,670
2003-09-08,671
2003-09-09,672
2003-09-10,673
2003-09-11,674
2003-09-12,675
2003-09-15,676
2003-09-16,677
2003-09-17,678
2003-09-18,679
2003-09-19,680
2003-09-22,681
2003-09-23,682
2003-09-24,683
2003-09-25,684
2003-09-26,685
2003-09-29,686
2003-09-30,687
2003-10-01,688
2003-10-03,689
2003-10-06,690
2003-10-07,691
2003-10-08,692
2003-10-09,693
2003-10-10,694
2003-10-13,695
2003-10-14,696
2003-10-15,697
2003-10-16,698
2003-10-17,699
2003-10-20,700
2003-10-21,701
2003-10-22,702
2003-10-23,703
2003-10-24,704
2003-10-25,705
2003-10-27,706
2003-10-28,707
2003-10-29,708
2003-10-30,709
2003-10-31,710
2003-11-03,711
2003-11-04,712
2003-11-05,713
2003-11-06,714
2003-11-07,715
2003-11-10,716
2003-11-11,717
2003-11-12,718
2003-11-13,719
2003-11-14,720
2003-11-15,721
2003-11-17,722
2003-11-18,723
2003-11-19,724
2003-11-20,725
2003-11-21,726
2003-11-24,727
2003-11-25,728
2003-11-27,729
2003-11-28,730
2003-12-01,731
2003-12-02,732
2003-12-03,733
2003-12-04,734
2003-12-05,735
2003-12-08,736
2003-12-09,737
2003-12-10,738
2003-12-11,739
2003-12-12,740
2003-12-15,741
2003-12-16,742
2003-12-17,743
2003-12-18,744
2003-12-19,745
2003-12-22,746
2003-12-23,747
2003-12-24,748
2003-12-26,749
2003-12-29,750
2003-12-30,751
2003-12-31,752
2004-01-01,753
2004-01-02,754
2004-01-05,755
2004-01-06,756
2004-01-07,757
2004-01-08,758
2004-01-09,759
2004-01-12,760
2004-01-13,761
2004-01-14,762
2004-01-15,763
2004-01-16,764
2004-01-19,765
2004-01-20,766
2004-01-21,767
2004-01-22,768
2004-01-23,769
2004-01-27,770
2004-01-28,771
2004-01-29,772
2004-01-30,773
2004-02-03,774
2004-02-04,775
2004-02-05,776
2004-02-06,777
2004-02-09,778
2004-02-10,779
2004-02-11,780
2004-02-12,781
2004-02-13,782
2004-02-16,783
2004-02-17,784
2004-02-18,785
2004-02-19,786
2004-02-20,787
2004-02-23,788
2004-02-24,789
2004-02-25,790
2004-02-26,791
2004-02-27,792
2004-03-01,793
2004-03-03,794
2004-03-04,795
2004-03-05,796
2004-03-08,797
2004-03-09,798
2004-03-10,799
2004-03-11,800
2004-03-12,801
2004-03-15,802
2004-03-16,803
2004-03-17,804
2004-03-18,805
2004-03-19,806
2004-03-22,807
2004-03-23,808
2004-03-24,809
2004-03-25,810
2004-03-26,811
2004-03-29,812
2004-03-30,813
2004-03-31,814
2004-04-01,815
2004-04-02,816
2004-04-05,817
2004-04-06,818
2004-04-07,819
2004-04-08,820
2004-04-12,821
2004-04-13,822
2004-04-15,823
2004-04-16,824
2004-04-17,825
2004-04-19,826
2004-04-20,827
2004-04-21,828
2004-04-22,829
2004-04-23,830
2004-04-27,831
2004-04-28,832
2004-04-29,833
2004-04-30,834
2004-05-03,835
2004-05-04,836
2004-05-05,837
2004-05-06,838
2004-05-07,839
2004-05-10,840
2004-05-11,841
2004-05-12,842
2004-05-13,843
2004-05-14,844
2004-05-17,845
2004-05-18,846
2004-05-19,847
2004-05-20,848
2004-05-21,849
2004-05-24,850
2004-05-25,851
2004-05-26,852
2004-05-27,853
2004-05-28,854
2004-05-31,855
2004-06-01,856
2004-06-02,857
2004-06-03,858
2004-06-04,859
2004-06-07,860
2004-06-08,861
2004-06-09,862
2004-06-10,863
2004-06-11,864
2004-06-14,865
2004-06-15,866
2004-06-16,867
2004-06-17,868
2004-06-18,869
2004-06-21,870
2004-06-22,871
2004-06-23,872
2004-06-24,873
2004-06-25,874
2004-06-28,875
2004-06-29,876
2004-06-30,877
2004-07-01,878
2004-07-02,879
2004-07-05,880
2004-07-06,881
2004-07-07,882
2004-07-08,883
2004-07-09,884
2004-07-12,885
2004-07-13,886
2004-07-14,887
2004-07-15,888
2004-07-16,889
2004-07-19,890
2004-07-20,891
2004-07-21,892
2004-07-22,893
2004-07-23,894
2004-07-26,895
2004-07-27,896
2004-07-28,897
2004-07-29,898
2004-07-30,899
2004-08-02,900
2004-08-03,901
2004-08-04,902
2004-08-05,903
2004-08-06,904
2004-08-09,905
2004-08-10,906
2004-08-11,907
2004-08-12,908
2004-08-13,909
2004-08-16,910
2004-08-17,911
2004-08-18,912
2004-08-19,913
2004-08-20,914
2004-08-23,915
2004-08-24,916
2004-08-25,917
2004-08-26,918
2004-08-27,919
2004-08-30,920
2004-08-31,921
2004-09-01,922
2004-09-02,923
2004-09-03,924
2004-09-06,925
2004-09-07,926
2004-09-08,927
2004-09-09,928
2004-09-10,929
2004-09-13,930
2004-09-14,931
2004-09-15,932
2004-09-16,933
2004-09-17,934
2004-09-20,935
2004-09-21,936
2004-09-22,937
2004-09-23,938
2004-09-24,939
2004-09-27,940
2004-09-28,941
2004-09-29,942
2004-09-30,943
2004-10-01,944
2004-10-04,945
2004-10-05,946
2004-10-06,947
2004-10-07,948
2004-10-08,949
2004-10-09,950
2004-10-11,951
2004-10-12,952
2004-10-14,953
2004-10-15,954
2004-10-18,955
2004-10-19,956
2004-10-20,957
2004-10-21,958
2004-10-25,959
2004-10-26,960
2004-10-27,961
2004-10-28,962
2004-10-29,963
2004-11-01,964
2004-11-02,965
2004-11-03,966
2004-11-04,967
2004-11-05,968
2004-11-08,969
2004-11-09,970
2004-11-10,971
2004-11-11,972
2004-11-12,973
2004-11-16,974
2004-11-17,975
2004-11-18,976
2004-11-19,977
2004-11-22,978
2004-11-23,979
2004-11-24,980
2004-11-25,981
2004-11-29,982
2004-11-30,983
2004-12-01,984
2004-12-02,985
2004-12-03,986
2004-12-06,987
2004-12-07,988
2004-12-08,989
2004-12-09,990
2004-12-10,991
2004-12-13,992
2004-12-14,993
2004-12-15,994
2004-12-16,995
2004-12-17,996
2004-12-20,997
2004-12-21,998
2004-12-22,999
2004-12-23,1000
2004-12-24,1001
2004-12-27,1002
2004-12-28,1003
2004-12-29,1004
2004-12-30,1005
2004-12-31,1006
2005-01-03,1007
2005-01-04,1008
2005-01-05,1009
2005-01-06,1010
2005-01-07,1011
2005-01-10,1012
2005-01-11,1013
2005-01-12,1014
2005-01-13,1015
2005-01-14,1016
2005-01-17,1017
2005-01-18,1018
2005-01-19,1019
2005-01-20,1020
2005-01-24,1021
2005-01-25,1022
2005-01-27,1023
2005-01-28,1024
2005-01-31,1025
2005-02-01,1026
2005-02-02,1027
2005-02-03,1028
2005-02-04,1029
2005-02-07,1030
2005-02-08,1031
2005-02-09,1032
2005-02-10,1033
2005-02-11,1034
2005-02-14,1035
2005-02-15,1036
2005-02-16,1037
2005-02-17,1038
2005-02-18,1039
2005-02-21,1040
2005-02-22,1041
2005-02-23,1042
2005-02-24,1043
2005-02-25,1044
2005-02-28,1045
2005-03-01,1046
2005-03-02,1047
2005-03-03,1048
2005-03-04,1049
2005-03-07,1050
2005-03-08,1051
2005-03-09,1052
2005-03-10,1053
2005-03-11,1054
2005-03-14,1055
2005-03-15,1056
2005-03-16,1057
2005-03-17,1058
2005-03-18,1059
2005-03-21,1060
2005-03-22,1061
2005-03-23,1062
2005-03-24,1063
2005-03-28,1064
2005-03-29,1065
2005-03-30,1066
2005-03-31,1067
2005-04-01,1068
2005-04-04,1069
2005-04-05,1070
2005-04-06,1071
2005-04-07,1072
2005-04-08,1073
2005-04-11,1074
2005-04-12,1075
2005-04-13,1076
2005-04-15,1077
2005-04-18,1078
2005-04-19,1079
2005-04-20,1080
2005-04-21,1081
2005-04-22,1082
2005-04-25,1083
2005-04-26,1084
2005-04-27,1085
2005-04-28,1086
2005-04-29,1087
2005-05-02,1088
2005-05-03,1089
2005-05-04,1090
2005-05-05,1091
2005-05-06,1092
2005-05-09,1093
2005-05-10,1094
2005-05-11,1095
2005-05-12,1096
2005-05-13,1097
2005-05-16,1098
2005-05-17,1099
2005-05-18,1100
2005-05-19,1101
2005-05-20,1102
2005-05-23,1103
2005-05-24,1104
2005-05-25,1105
2005-05-26,1106
2005-05-27,1107
2005-05-30,1108
2005-05-31,1109
2005-06-01,1110
2005-06-02,1111
2005-06-03,1112
2005-06-04,1113
2005-06-06,1114
2005-06-07,1115
2005-06-08,1116
2005-06-09,1117
2005-06-10,1118
2005-06-13,1119
2005-06-14,1120
2005-06-15,1121
2005-06-16,1122
2005-06-17,1123
2005-06-20,1124
2005-06-21,1125
2005-06-22,1126
2005-06-23,1127
2005-06-24,1128
2005-06-27,1129
2005-06-28,1130
2005-06-29,1131
2005-06-30,1132
2005-07-01,1133
2005-07-04,1134
2005-07-05,1135
2005-07-06,1136
2005-07-07,1137
2005-07-08,1138
2005-07-11,1139
2005-07-12,1140
2005-07-13,1141
2005-07-14,1142
2005-07-15,1143
2005-07-18,1144
2005-07-19,1145
2005-07-20,1146
2005-07-21,1147
2005-07-22,1148
2005-07-25,1149
2005-07-26,1150
2005-07-27,1151
2005-07-29,1152
2005-08-01,1153
2005-08-02,1154
2005-08-03,1155
2005-08-04,1156
2005-08-05,1157
2005-08-08,1158
2005-08-09,1159
2005-08-10,1160
2005-08-11,1161
2005-08-12,1162
2005-08-16,1163
2005-08-17,1164
2005-08-18,1165
2005-08-19,1166
2005-08-22,1167
2005-08-23,1168
2005-08-24,1169
2005-08-25,1170
2005-08-26,1171
2005-08-29,1172
2005-08-30,1173
2005-08-31,1174
2005-09-01,1175
2005-09-02,1176
2005-09-05,1177
2005-09-06,1178
2005-09-08,1179
2005-09-09,1180
2005-09-12,1181
2005-09-13,1182
2005-09-14,1183
2005-09-15,1184
2005-09-16,1185
2005-09-19,1186
2005-09-20,1187
2005-09-21,1188
2005-09-22,1189
2005-09-23,1190
2005-09-26,1191
2005-09-27,1192
2005-09-28,1193
2005-09-29,1194
2005-09-30,1195
2005-10-03,1196
2005-10-04,1197
2005-10-05,1198
2005-10-06,1199
2005-10-07,1200
2005-10-10,1201
2005-10-11,1202
2005-10-13,1203
2005-10-14,1204
2005-10-17,1205
2005-10-18,1206
2005-10-19,1207
2005-10-20,1208
2005-10-21,1209
2005-10-24,1210
2005-10-25,1211
2005-10-26,1212
2005-10-27,1213
2005-10-28,1214
2005-10-31,1215
2005-11-01,1216
2005-11-02,1217
2005-11-07,1218
2005-11-08,1219
2005-11-09,1220
2005-11-10,1221
2005-11-11,1222
2005-11-14,1223
2005-11-16,1224
2005-11-17,1225
2005-11-18,1226
2005-11-21,1227
2005-11-22,1228
2005-11-23,1229
2005-11-24,1230
2005-11-25,1231
2005-11-26,1232
2005-11-28,1233
2005-11-29,1234
2005-11-30,1235
2005-12-01,1236
2005-12-02,1237
2005-12-05,1238
2005-12-06,1239
2005-12-07,1240
2005-12-08,1241
2005-12-09,1242
2005-12-12,1243
2005-12-13,1244
2005-12-14,1245
2005-12-15,1246
2005-12-16,1247
2005-12-19,1248
2005-12-20,1249
2005-12-21,1250
2005-12-22,1251
2005-12-23,1252
2005-12-26,1253
2005-12-27,1254
2005-12-28,1255
2005-12-29,1256
2005-12-30,1257
2006-01-02,1258
2006-01-03,1259
2006-01-04,1260
2006-01-05,1261
2006-01-06,1262
2006-01-09,1263
2006-01-10,1264
2006-01-12,1265
2006-01-13,1266
2006-01-16,1267
2006-01-17,1268
2006-01-18,1269
2006-01-19,1270
2006-01-20,1271
2006-01-23,1272
2006-01-24,1273
2006-01-25,1274
2006-01-27,1275
2006-01-30,1276
2006-01-31,1277
2006-02-01,1278
2006-02-02,1279
2006-02-03,1280
2006-02-06,1281
2006-02-07,1282
2006-02-08,1283
2006-02-10,1284
2006-02-13,1285
2006-02-14,1286
2006-02-15,1287
2006-02-16,1288
2006-02-17,1289
2006-02-20,1290
2006-02-21,1291
2006-02-22,1292
2006-02-23,1293
2006-02-24,1294
2006-02-27,1295
2006-02-28,1296
2006-03-01,1297
2006-03-02,1298
2006-03-03,1299
2006-03-06,1300
2006-03-07,1301
2006-03-08,1302
2006-03-09,1303
2006-03-10,1304
2006-03-13,1305
2006-03-14,1306
2006-03-16,1307
2006-03-17,1308
2006-03-20,1309
2006-03-21,1310
2006-03-22,1311
2006-03-23,1312
2006-03-24,1313
2006-03-27,1314
2006-03-28,1315
2006-03-29,1316
2006-03-30,1317
2006-03-31,1318
2006-04-03,1319
2006-04-04,1320
2006-04-05,1321
2006-04-07,1322
2006-04-10,1323
2006-04-12,1324
2006-04-13,1325
2006-04-17,1326
2006-04-18,1327
2006-04-19,1328
2006-04-20,1329
2006-04-21,1330
2006-04-24,1331
2006-04-25,1332
2006-04-26,1333
2006-04-27,1334
2006-04-28,1335
2006-04-29,1336
2006-05-02,1337
2006-05-03,1338
2006-05-04,1339
2006-05-05,1340
2006-05-08,1341
2006-05-09,1342
2006-05-10,1343
2006-05-11,1344
2006-05-12,1345
2006-05-15,1346
2006-05-16,1347
2006-05-17,1348
2006-05-18,1349
2006-05-19,1350
2006-05-22,1351
2006-05-23,1352
2006-05-24,1353
2006-05-25,1354
2006-05-26,1355
2006-05-29,1356
2006-05-30,1357
2006-05-31,1358
2006-06-01,1359
2006-06-02,1360
2006-06-05,1361
2006-06-06,1362
2006-06-07,1363
2006-06-08,1364
2006-06-09,1365
2006-06-12,1366
2006-06-13,1367
2006-06-14,1368
2006-06-15,1369
2006-06-16,1370
2006-06-19,1371
2006-06-20,1372
2006-06-21,1373
2006-06-22,1374
2006-06-23,1375
2006-06-25,1376
2006-06-26,1377
2006-06-27,1378
2006-06-28,1379
2006-06-29,1380
2006-06-30,1381
2006-07-03,1382
2006-07-04,1383
2006-07-05,1384
2006-07-06,1385
2006-07-07,1386
2006-07-10,1387
2006-07-11,1388
2006-07-12,1389
2006-07-13,1390
2006-07-14,1391
2006-07-17,1392
2006-07-18,1393
2006-07-19,1394
2006-07-20,1395
2006-07-21,1396
2006-07-24,1397
2006-07-25,1398
2006-07-26,1399
2006-07-27,1400
2006-07-28,1401
2006-07-31,1402
2006-08-01,1403
2006-08-02,1404
2006-08-03,1405
2006-08-04,1406
2006-08-07,1407
2006-08-08,1408
2006-08-09,1409
2006-08-10,1410
2006-08-11,1411
2006-08-14,1412
2006-08-16,1413
2006-08-17,1414
2006-08-18,1415
2006-08-21,1416
2006-08-22,1417
2006-08-23,1418
2006-08-24,1419
2006-08-25,1420
2006-08-28,1421
2006-08-29,1422
2006-08-30,1423
2006-08-31,1424
2006-09-01,1425
2006-09-04,1426
2006-09-05,1427
2006-09-06,1428
2006-09-07,1429
2006-09-08,1430
2006-09-11,1431
2006-09-12,1432
2006-09-13,1433
2006-09-14,1434
2006-09-15,1435
2006-09-18,1436
2006-09-19,1437
2006-09-20,1438
2006-09-21,1439
2006-09-22,1440
2006-09-25,1441
2006-09-26,1442
2006-09-27,1443
2006-09-28,1444
2006-09-29,1445
2006-10-03,1446
2006-10-04,1447
2006-10-05,1448
2006-10-06,1449
2006-10-09,1450
2006-10-10,1451
2006-10-11,1452
2006-10-12,1453
2006-10-13,1454
2006-10-16,1455
2006-10-17,1456
2006-10-18,1457
2006-10-19,1458
2006-10-20,1459
2006-10-21,1460
2006-10-23,1461
2006-10-26,1462
2006-10-27,1463
2006-10-30,1464
2006-10-31,1465
2006-11-01,1466
2006-11-02,1467
2006-11-03,1468
2006-11-06,1469
2006-11-07,1470
2006-11-08,1471
2006-11-09,1472
2006-11-10,1473
2006-11-13,1474
2006-11-14,1475
2006-11-15,1476
2006-11-16,1477
2006-11-17,1478
2006-11-20,1479
2006-11-21,1480
2006-11-22,1481
2006-11-23,1482
2006-11-24,1483
2006-11-27,1484
2006-11-28,1485
2006-11-29,1486
2006-11-30,1487
2006-12-01,1488
2006-12-04,1489
2006-12-05,1490
2006-12-06,1491
2006-12-07,1492
2006-12-08,1493
2006-12-11,1494
2006-12-12,1495
2006-12-13,1496
2006-12-14,1497
2006-12-15,1498
2006-12-18,1499
2006-12-19,1500
2006-12-20,1501
2006-12-21,1502
2006-12-22,1503
2006-12-26,1504
2006-12-27,1505
2006-12-28,1506
2006-12-29,1507
2007-01-02,1508
2007-01-03,1509
2007-01-04,1510
2007-01-05,1511
2007-01-08,1512
2007-01-09,1513
2007-01-10,1514
2007-01-11,1515
2007-01-12,1516
2007-01-15,1517
2007-01-16,1518
2007-01-17,1519
2007-01-18,1520
2007-01-19,1521
2007-01-22,1522
2007-01-23,1523
2007-01-24,1524
2007-01-25,1525
2007-01-29,1526
2007-01-31,1527
2007-02-01,1528
2007-02-02,1529
2007-02-05,1530
2007-02-06,1531
2007-02-07,1532
2007-02-08,1533
2007-02-09,1534
2007-02-12,1535
2007-02-13,1536
2007-02-14,1537
2007-02-15,1538
2007-02-19,1539
2007-02-20,1540
2007-02-21,1541
2007-02-22,1542
2007-02-23,1543
2007-02-26,1544
2007-02-27,1545
2007-02-28,1546
2007-03-01,1547
2007-03-02,1548
2007-03-05,1549
2007-03-06,1550
2007-03-07,1551
2007-03-08,1552
2007-03-09,1553
2007-03-12,1554
2007-03-13,1555
2007-03-14,1556
2007-03-15,1557
2007-03-16,1558
2007-03-19,1559
2007-03-20,1560
2007-03-21,1561
2007-03-22,1562
2007-03-23,1563
2007-03-26,1564
2007-03-28,1565
2007-03-29,1566
2007-03-30,1567
2007-04-02,1568
2007-04-03,1569
2007-04-04,1570
2007-04-05,1571
2007-04-09,1572
2007-04-10,1573
2007-04-11,1574
2007-04-12,1575
2007-04-13,1576
2007-04-16,1577
2007-04-17,1578
2007-04-18,1579
2007-04-19,1580
2007-04-20,1581
2007-04-23,1582
2007-04-24,1583
2007-04-25,1584
2007-04-26,1585
2007-04-27,1586
2007-04-30,1587
2007-05-03,1588
2007-05-04,1589
2007-05-07,1590
2007-05-08,1591
2007-05-09,1592
2007-05-10,1593
2007-05-11,1594
2007-05-14,1595
2007-05-15,1596
2007-05-16,1597
2007-05-17,1598
2007-05-18,1599
2007-05-21,1600
2007-05-22,1601
2007-05-23,1602
2007-05-24,1603
2007-05-25,1604
2007-05-28,1605
2007-05-29,1606
2007-05-30,1607
2007-05-31,1608
2007-06-01,1609
2007-06-04,1610
2007-06-05,1611
2007-06-06,1612
2007-06-07,1613
2007-06-08,1614
2007-06-11,1615
2007-06-12,1616
2007-06-13,1617
2007-06-14,1618
2007-06-15,1619
2007-06-18,1620
2007-06-19,1621
2007-06-20,1622
2007-06-21,1623
2007-06-22,1624
2007-06-25,1625
2007-06-26,1626
2007-06-27,1627
2007-06-28,1628
2007-06-29,1629
2007-07-02,1630
2007-07-03,1631
2007-07-04,1632
2007-07-05,1633
2007-07-06,1634
2007-07-09,1635
2007-07-10,1636
2007-07-11,1637
2007-07-12,1638
2007-07-13,1639
2007-07-16,1640
2007-07-17,1641
2007-07-18,1642
2007-07-19,1643
2007-07-20,1644
2007-07-23,1645
2007-07-24,1646
2007-07-25,1647
2007-07-26,1648
2007-07-27,1649
2007-07-30,1650
2007-07-31,1651
2007-08-01,1652
2007-08-02,1653
2007-08-03,1654
2007-08-06,1655
2007-08-07,1656
2007-08-08,1657
2007-08-09,1658
2007-08-10,1659
2007-08-13,1660
2007-08-14,1661
2007-08-16,1662
2007-08-17,1663
2007-08-20,1664
2007-08-21,1665
2007-08-22,1666
2007-08-23,1667
2007-08-24,1668
2007-08-27,1669
2007-08-28,1670
2007-08-29,1671
2007-08-30,1672
2007-08-31,1673
2007-09-03,1674
2007-09-04,1675
2007-09-05,1676
2007-09-06,1677
2007-09-07,1678
2007-09-10,1679
2007-09-11,1680
2007-09-12,1681
2007-09-13,1682
2007-09-14,1683
2007-09-17,1684
2007-09-18,1685
2007-09-19,1686
2007-09-20,1687
2007-09-21,1688
2007-09-24,1689
2007-09-25,1690
2007-09-26,1691
2007-09-27,1692
2007-09-28,1693
2007-10-01,1694
2007-10-03,1695
2007-10-04,1696
2007-10-05,1697
2007-10-08,1698
2007-10-09,1699
2007-10-10,1700
2007-10-11,1701
2007-10-12,1702
2007-10-15,1703
2007-10-16,1704
2007-10-17,1705
2007-10-18,1706
2007-10-19,1707
2007-10-22,1708
2007-10-23,1709
2007-10-24,1710
2007-10-25,1711
2007-10-26,1712
2007-10-29,1713
2007-10-30,1714
2007-10-31,1715
2007-11-01,1716
2007-11-02,1717
2007-11-05,1718
2007-11-06,1719
2007-11-07,1720
2007-11-08,1721
2007-11-09,1722
2007-11-12,1723
2007-11-13,1724
2007-11-14,1725
2007-11-15,1726
2007-11-16,1727
2007-11-19,1728
2007-11-20,1729
2007-11-21,1730
2007-11-22,1731
2007-11-23,1732
2007-11-26,1733
2007-11-27,1734
2007-11-28,1735
2007-11-29,1736
2007-11-30,1737
2007-12-03,1738
2007-12-04,1739
2007-12-05,1740
2007-12-06,1741
2007-12-07,1742
2007-12-10,1743
2007-12-11,1744
2007-12-12,1745
2007-12-13,1746
2007-12-14,1747
2007-12-17,1748
2007-12-18,1749
2007-12-19,1750
2007-12-20,1751
2007-12-24,1752
2007-12-26,1753
2007-12-27,1754
2007-12-28,1755
2007-12-31,1756
2008-01-01,1757
2008-01-02,1758
2008-01-03,1759
2008-01-04,1760
2008-01-07,1761
2008-01-08,1762
2008-01-09,1763
2008-01-10,1764
2008-01-11,1765
2008-01-14,1766
2008-01-15,1767
2008-01-16,1768
2008-01-17,1769
2008-01-18,1770
2008-01-21,1771
2008-01-22,1772
2008-01-23,1773
2008-01-24,1774
2008-01-25,1775
2008-01-28,1776
2008-01-29,1777
2008-01-30,1778
2008-01-31,1779
2008-02-01,1780
2008-02-04,1781
2008-02-05,1782
2008-02-06,1783
2008-02-07,1784
2008-02-08,1785
2008-02-11,1786
2008-02-12,1787
2008-02-13,1788
2008-02-14,1789
2008-02-15,1790
2008-02-18,1791
2008-02-19,1792
2008-02-20,1793
2008-02-21,1794
2008-02-22,1795
2008-02-25,1796
2008-02-26,1797
2008-02-27,1798
2008-02-28,1799
2008-02-29,1800
2008-03-03,1801
2008-03-04,1802
2008-03-05,1803
2008-03-07,1804
2008-03-10,1805
2008-03-11,1806
2008-03-12,1807
2008-03-13,1808
2008-03-14,1809
2008-03-17,1810
2008-03-18,1811
2008-03-19,1812
2008-03-24,1813
2008-03-25,1814
2008-03-26,1815
2008-03-27,1816
2008-03-28,1817
2008-03-31,1818
2008-04-01,1819
2008-04-02,1820
2008-04-03,1821
2008-04-04,1822
2008-04-07,1823
2008-04-08,1824
2008-04-09,1825
2008-04-10,1826
2008-04-11,1827
2008-04-15,1828
2008-04-16,1829
2008-04-17,1830
2008-04-21,1831
2008-04-22,1832
2008-04-23,1833
2008-04-24,1834
2008-04-25,1835
2008-04-28,1836
2008-04-29,1837
2008-04-30,1838
2008-05-02,1839
2008-05-05,1840
2008-05-06,1841
2008-05-07,1842
2008-05-08,1843
2008-05-09,1844
2008-05-12,1845
2008-05-13,1846
2008-05-14,1847
2008-05-15,1848
2008-05-16,1849
2008-05-20,1850
2008-05-21,1851
2008-05-22,1852
2008-05-23,1853
2008-05-26,1854
2008-05-27,1855
2008-05-28,1856
2008-05-29,1857
2008-05-30,1858
2008-06-02,1859
2008-06-03,1860
2008-06-04,1861
2008-06-05,1862
2008-06-06,1863
2008-06-09,1864
2008-06-10,1865
2008-06-11,1866
2008-06-12,1867
2008-06-13,1868
2008-06-16,1869
2008-06-17,1870
2008-06-18,1871
2008-06-19,1872
2008-06-20,1873
2008-06-23,1874
2008-06-24,1875
2008-06-25,1876
2008-06-26,1877
2008-06-27,1878
2008-06-30,1879
2008-07-01,1880
2008-07-02,1881
2008-07-03,1882
2008-07-04,1883
2008-07-07,1884
2008-07-08,1885
2008-07-09,1886
2008-07-10,1887
2008-07-11,1888
2008-07-14,1889
2008-07-15,1890
2008-07-16,1891
2008-07-17,1892
2008-07-18,1893
2008-07-21,1894
2008-07-22,1895
2008-07-23,1896
2008-07-24,1897
2008-07-25,1898
2008-07-28,1899
2008-07-29,1900
2008-07-30,1901
2008-07-31,1902
2008-08-01,1903
2008-08-04,1904
2008-08-05,1905
2008-08-06,1906
2008-08-07,1907
2008-08-08,1908
2008-08-11,1909
2008-08-12,1910
2008-08-13,1911
2008-08-14,1912
2008-08-18,1913
2008-08-19,1914
2008-08-20,1915
2008-08-21,1916
2008-08-22,1917
2008-08-25,1918
2008-08-26,1919
2008-08-27,1920
2008-08-28,1921
2008-08-29,1922
2008-09-01,1923
2008-09-02,1924
2008-09-04,1925
2008-09-05,1926
2008-09-08,1927
2008-09-09,1928
2008-09-10,1929
2008-09-11,1930
2008-09-12,1931
2008-09-15,1932
2008-09-16,1933
2008-09-17,1934
2008-09-18,1935
2008-09-19,1936
2008-09-22,1937
2008-09-23,1938
2008-09-24,1939
2008-09-25,1940
2008-09-26,1941
2008-09-29,1942
2008-09-30,1943
2008-10-01,1944
2008-10-03,1945
2008-10-06,1946
2008-10-07,1947
2008-10-08,1948
2008-10-10,1949
2008-10-13,1950
2008-10-14,1951
2008-10-15,1952
2008-10-16,1953
2008-10-17,1954
2008-10-20,1955
2008-10-21,1956
2008-10-22,1957
2008-10-23,1958
2008-10-24,1959
2008-10-27,1960
2008-10-28,1961
2008-10-29,1962
2008-10-31,1963
2008-11-03,1964
2008-11-04,1965
2008-11-05,1966
2008-11-06,1967
2008-11-07,1968
2008-11-10,1969
2008-11-11,1970
2008-11-12,1971
2008-11-14,1972
2008-11-17,1973
2008-11-18,1974
2008-11-19,1975
2008-11-20,1976
2008-11-21,1977
2008-11-24,1978
2008-11-25,1979
2008-11-26,1980
2008-11-28,1981
2008-12-01,1982
2008-12-02,1983
2008-12-03,1984
2008-12-04,1985
2008-12-05,1986
2008-12-08,1987
2008-12-10,1988
2008-12-11,1989
2008-12-12,1990
2008-12-15,1991
2008-12-16,1992
2008-12-17,1993
2008-12-18,1994
2008-12-19,1995
2008-12-22,1996
2008-12-23,1997
2008-12-24,1998
2008-12-26,1999
2008-12-29,2000
2008-12-30,2001
2008-12-31,2002
2009-01-01,2003
2009-01-02,2004
2009-01-05,2005
2009-01-06,2006
2009-01-07,2007
2009-01-09,2008
2009-01-12,2009
2009-01-13,2010
2009-01-14,2011
2009-01-15,2012
2009-01-16,2013
2009-01-19,2014
2009-01-20,2015
2009-01-21,2016
2009-01-22,2017
2009-01-23,2018
2009-01-27,2019
2009-01-28,2020
2009-01-29,2021
2009-01-30,2022
2009-02-02,2023
2009-02-03,2024
2009-02-04,2025
2009-02-05,2026
2009-02-06,2027
2009-02-09,2028
2009-02-10,2029
2009-02-11,2030
2009-02-12,2031
2009-02-13,2032
2009-02-16,2033
2009-02-17,2034
2009-02-18,2035
2009-02-19,2036
2009-02-20,2037
2009-02-24,2038
2009-02-25,2039
2009-02-26,2040
2009-02-27,2041
2009-03-02,2042
2009-03-03,2043
2009-03-04,2044
2009-03-05,2045
2009-03-06,2046
2009-03-09,2047
2009-03-12,2048
2009-03-13,2049
2009-03-16,2050
2009-03-17,2051
2009-03-18,2052
2009-03-19,2053
2009-03-20,2054
2009-03-23,2055
2009-03-24,2056
2009-03-25,2057
2009-03-26,2058
2009-03-27,2059
2009-03-30,2060
2009-03-31,2061
2009-04-01,2062
2009-04-02,2063
2009-04-06,2064
2009-04-08,2065
2009-04-09,2066
2009-04-13,2067
2009-04-15,2068
2009-04-16,2069
2009-04-17,2070
2009-04-20,2071
2009-04-21,2072
2009-04-22,2073
2009-04-23,2074
2009-04-24,2075
2009-04-27,2076
2009-04-28,2077
2009-04-29,2078
2009-05-04,2079
2009-05-05,2080
2009-05-06,2081
2009-05-07,2082
2009-05-08,2083
2009-05-11,2084
2009-05-12,2085
2009-05-13,2086
2009-05-14,2087
2009-05-15,2088
2009-05-18,2089
2009-05-19,2090
2009-05-20,2091
2009-05-21,2092
2009-05-22,2093
2009-05-25,2094
2009-05-26,2095
2009-05-27,2096
2009-05-28,2097
2009-05-29,2098
2009-06-01,2099
2009-06-02,2100
2009-06-03,2101
2009-06-04,2102
2009-06-05,2103
2009-06-08,2104
2009-06-09,2105
2009-06-10,2106
2009-06-11,2107
2009-06-12,2108
2009-06-15,2109
2009-06-16,2110
2009-06-17,2111
2009-06-18,2112
2009-06-19,2113
2009-06-22,2114
2009-06-23,2115
2009-06-24,2116
2009-06-25,2117
2009-06-26,2118
2009-06-29,2119
2009-06-30,2120
2009-07-01,2121
2009-07-02,2122
2009-07-03,2123
2009-07-06,2124
2009-07-07,2125
2009-07-08,2126
2009-07-09,2127
2009-07-10,2128
2009-07-13,2129
2009-07-14,2130
2009-07-15,2131
2009-07-16,2132
2009-07-17,2133
2009-07-20,2134
2009-07-21,2135
2009-07-22,2136
2009-07-23,2137
2009-07-24,2138
2009-07-27,2139
2009-07-28,2140
2009-07-29,2141
2009-07-30,2142
2009-07-31,2143
2009-08-03,2144
2009-08-04,2145
2009-08-05,2146
2009-08-06,2147
2009-08-07,2148
2009-08-10,2149
2009-08-11,2150
2009-08-12,2151
2009-08-13,2152
2009-08-14,2153
2009-08-17,2154
2009-08-18,2155
2009-08-19,2156
2009-08-20,2157
2009-08-21,2158
2009-08-24,2159
2009-08-25,2160
2009-08-26,2161
2009-08-27,2162
2009-08-28,2163
2009-08-31,2164
2009-09-01,2165
2009-09-02,2166
2009-09-03,2167
2009-09-04,2168
2009-09-07,2169
2009-09-08,2170
2009-09-09,2171
2009-09-10,2172
2009-09-11,2173
2009-09-14,2174
2009-09-15,2175
2009-09-16,2176
2009-09-17,2177
2009-09-18,2178
2009-09-22,2179
2009-09-23,2180
2009-09-24,2181
2009-09-25,2182
2009-09-29,2183
2009-09-30,2184
2009-10-01,2185
2009-10-05,2186
2009-10-06,2187
2009-10-07,2188
2009-10-08,2189
2009-10-09,2190
2009-10-12,2191
2009-10-14,2192
2009-10-15,2193
2009-10-16,2194
2009-10-17,2195
2009-10-20,2196
2009-10-21,2197
2009-10-22,2198
2009-10-23,2199
2009-10-26,2200
2009-10-27,2201
2009-10-28,2202
2009-10-29,2203
2009-10-30,2204
2009-11-03,2205
2009-11-04,2206
2009-11-05,2207
2009-11-06,2208
2009-11-09,2209
2009-11-10,2210
2009-11-11,2211
2009-11-12,2212
2009-11-13,2213
2009-11-16,2214
2009-11-17,2215
2009-11-18,2216
2009-11-19,2217
2009-11-20,2218
2009-11-23,2219
2009-11-24,2220
2009-11-25,2221
2009-11-26,2222
2009-11-27,2223
2009-11-30,2224
2009-12-01,2225
2009-12-02,2226
2009-12-03,2227
2009-12-04,2228
2009-12-07,2229
2009-12-08,2230
2009-12-09,2231
2009-12-10,2232
2009-12-11,2233
2009-12-14,2234
2009-12-15,2235
2009-12-16,2236
2009-12-17,2237
2009-12-18,2238
2009-12-21,2239
2009-12-22,2240
2009-12-23,2241
2009-12-24,2242
2009-12-29,2243
2009-12-30,2244
2009-12-31,2245
2010-01-04,2246
2010-01-05,2247
2010-01-06,2248
2010-01-07,2249
2010-01-08,2250
2010-01-11,2251
2010-01-12,2252
2010-01-13,2253
2010-01-14,2254
2010-01-15,2255
2010-01-18,2256
2010-01-19,2257
2010-01-20,2258
2010-01-21,2259
2010-01-22,2260
2010-01-25,2261
2010-01-27,2262
2010-01-28,2263
2010-01-29,2264
2010-02-01,2265
2010-02-02,2266
2010-02-03,2267
2010-02-04,2268
2010-02-05,2269
2010-02-06,2270
2010-02-08,2271
2010-02-09,2272
2010-02-10,2273
2010-02-11,2274
2010-02-15,2275
2010-02-16,2276
2010-02-17,2277
2010-02-18,2278
2010-02-19,2279
2010-02-22,2280
2010-02-23,2281
2010-02-24,2282
2010-02-25,2283
2010-02-26,2284
2010-03-02,2285
2010-03-03,2286
2010-03-04,2287
2010-03-05,2288
2010-03-08,2289
2010-03-09,2290
2010-03-10,2291
2010-03-11,2292
2010-03-12,2293
2010-03-15,2294
2010-03-16,2295
2010-03-17,2296
2010-03-18,2297
2010-03-19,2298
2010-03-22,2299
2010-03-23,2300
2010-03-25,2301
2010-03-26,2302
2010-03-29,2303
2010-03-30,2304
2010-03-31,2305
2010-04-01,2306
2010-04-05,2307
2010-04-06,2308
2010-04-07,2309
2010-04-08,2310
2010-04-09,2311
2010-04-12,2312
2010-04-13,2313
2010-04-15,2314
2010-04-16,2315
2010-04-19,2316
2010-04-20,2317
2010-04-21,2318
2010-04-22,2319
2010-04-23,2320
2010-04-26,2321
2010-04-27,2322
2010-04-28,2323
2010-04-29,2324
2010-04-30,2325
2010-05-03,2326
2010-05-04,2327
2010-05-05,2328
2010-05-06,2329
2010-05-07,2330
2010-05-10,2331
2010-05-11,2332
2010-05-12,2333
2010-05-13,2334
2010-05-14,2335
2010-05-17,2336
2010-05-18,2337
2010-05-19,2338
2010-05-20,2339
2010-05-21,2340
2010-05-24,2341
2010-05-25,2342
2010-05-26,2343
2010-05-27,2344
2010-05-28,2345
2010-05-31,2346
2010-06-01,2347
2010-06-02,2348
2010-06-03,2349
2010-06-04,2350
2010-06-07,2351
2010-06-08,2352
2010-06-09,2353
2010-06-10,2354
2010-06-11,2355
2010-06-14,2356
2010-06-15,2357
2010-06-16,2358
2010-06-17,2359
2010-06-18,2360
2010-06-21,2361
2010-06-22,2362
2010-06-23,2363
2010-06-24,2364
2010-06-25,2365
2010-06-28,2366
2010-06-29,2367
2010-06-30,2368
2010-07-01,2369
2010-07-02,2370
2010-07-05,2371
2010-07-06,2372
2010-07-07,2373
2010-07-08,2374
2010-07-09,2375
2010-07-12,2376
2010-07-13,2377
2010-07-14,2378
2010-07-15,2379
2010-07-16,2380
2010-07-19,2381
2010-07-20,2382
2010-07-21,2383
2010-07-22,2384
2010-07-23,2385
2010-07-26,2386
2010-07-27,2387
2010-07-28,2388
2010-07-29,2389
2010-07-30,2390
2010-08-02,2391
2010-08-03,2392
2010-08-04,2393
2010-08-05,2394
2010-08-06,2395
2010-08-09,2396
2010-08-10,2397
2010-08-11,2398
2010-08-12,2399
2010-08-13,2400
2010-08-16,2401
2010-08-17,2402
2010-08-18,2403
2010-08-19,2404
2010-08-20,2405
2010-08-23,2406
2010-08-24,2407
2010-08-25,2408
2010-08-26,2409
2010-08-27,2410
2010-08-30,2411
2010-08-31,2412
2010-09-01,2413
2010-09-02,2414
2010-09-03,2415
2010-09-06,2416
2010-09-07,2417
2010-09-08,2418
2010-09-09,2419
2010-09-13,2420
2010-09-14,2421
2010-09-15,2422
2010-09-16,2423
2010-09-17,2424
2010-09-20,2425
2010-09-21,2426
2010-09-22,2427
2010-09-23,2428
2010-09-24,2429
2010-09-27,2430
2010-09-28,2431
2010-09-29,2432
2010-09-30,2433
2010-10-01,2434
2010-10-04,2435
2010-10-05,2436
2010-10-06,2437
2010-10-07,2438
2010-10-08,2439
2010-10-11,2440
2010-10-12,2441
2010-10-13,2442
2010-10-14,2443
2010-10-15,2444
2010-10-18,2445
2010-10-19,2446
2010-10-20,2447
2010-10-21,2448
2010-10-22,2449
2010-10-25,2450
2010-10-26,2451
2010-10-27,2452
2010-10-28,2453
2010-10-29,2454
2010-11-01,2455
2010-11-02,2456
2010-11-03,2457
2010-11-04,2458
2010-11-05,2459
2010-11-08,2460
2010-11-09,2461
2010-11-10,2462
2010-11-11,2463
2010-11-12,2464
2010-11-15,2465
2010-11-16,2466
2010-11-18,2467
2010-11-19,2468
2010-11-22,2469
2010-11-23,2470
2010-11-24,2471
2010-11-25,2472
2010-11-26,2473
2010-11-29,2474
2010-11-30,2475
2010-12-01,2476
2010-12-02,2477
2010-12-03,2478
2010-12-06,2479
2010-12-07,2480
2010-12-08,2481
2010-12-09,2482
2010-12-10,2483
2010-12-13,2484
2010-12-14,2485
2010-12-15,2486
2010-12-16,2487
2010-12-20,2488
2010-12-21,2489
2010-12-22,2490
2010-12-23,2491
2010-12-24,2492
2010-12-27,2493
2010-12-28,2494
2010-12-29,2495
2010-12-30,2496
2010-12-31,2497
2011-01-03,2498
2011-01-04,2499
2011-01-05,2500
2011-01-06,2501
2011-01-07,2502
2011-01-10,2503
2011-01-11,2504
2011-01-12,2505
2011-01-13,2506
2011-01-14,2507
2011-01-17,2508
2011-01-18,2509
2011-01-19,2510
2011-01-20,2511
2011-01-21,2512
2011-01-24,2513
2011-01-25,2514
2011-01-27,2515
2011-01-28,2516
2011-01-31,2517
2011-02-01,2518
2011-02-02,2519
2011-02-03,2520
2011-02-04,2521
2011-02-07,2522
2011-02-08,2523
2011-02-09,2524
2011-02-10,2525
2011-02-11,2526
2011-02-14,2527
2011-02-15,2528
2011-02-16,2529
2011-02-17,2530
2011-02-18,2531
2011-02-21,2532
2011-02-22,2533
2011-02-23,2534
2011-02-24,2535
2011-02-25,2536
2011-02-28,2537
2011-03-01,2538
2011-03-03,2539
2011-03-04,2540
2011-03-07,2541
2011-03-08,2542
2011-03-09,2543
2011-03-10,2544
2011-03-11,2545
2011-03-14,2546
2011-03-15,2547
2011-03-16,2548
2011-03-17,2549
2011-03-18,2550
2011-03-21,2551
2011-03-22,2552
2011-03-23,2553
2011-03-24,2554
2011-03-25,2555
2011-03-28,2556
2011-03-29,2557
2011-03-30,2558
2011-03-31,2559
2011-04-01,2560
2011-04-04,2561
2011-04-05,2562
2011-04-06,2563
2011-04-07,2564
2011-04-08,2565
2011-04-11,2566
2011-04-13,2567
2011-04-15,2568
2011-04-18,2569
2011-04-19,2570
2011-04-20,2571
2011-04-21,2572
2011-04-25,2573
2011-04-26,2574
2011-04-27,2575
2011-04-28,2576
2011-04-29,2577
2011-05-02,2578
2011-05-03,2579
2011-05-04,2580
2011-05-05,2581
2011-05-06,2582
2011-05-06,2583
2011-05-09,2584
2011-05-10,2585
2011-05-11,2586
2011-05-12,2587
2011-05-13,2588
2011-05-16,2589
2011-05-17,2590
2011-05-18,2591
2011-05-19,2592
2011-05-20,2593
2011-05-23,2594
2011-05-24,2595
2011-05-25,2596
2011-05-26,2597
2011-05-27,2598
2011-05-30,2599
2011-05-31,2600
2011-06-01,2601
2011-06-02,2602
2011-06-03,2603
2011-06-06,2604
2011-06-07,2605
2011-06-08,2606
2011-06-09,2607
2011-06-10,2608
2011-06-13,2609
2011-06-14,2610
2011-06-15,2611
2011-06-16,2612
2011-06-17,2613
2011-06-20,2614
2011-06-21,2615
2011-06-22,2616
2011-06-23,2617
2011-06-24,2618
2011-06-27,2619
2011-06-28,2620
2011-06-29,2621
2011-06-30,2622
2011-07-01,2623
2011-07-04,2624
2011-07-05,2625
2011-07-06,2626
2011-07-07,2627
2011-07-08,2628
2011-07-11,2629
2011-07-12,2630
2011-07-13,2631
2011-07-14,2632
2011-07-15,2633
2011-07-18,2634
2011-07-19,2635
2011-07-20,2636
2011-07-21,2637
2011-07-22,2638
2011-07-25,2639
2011-07-26,2640
2011-07-27,2641
2011-07-28,2642
2011-07-29,2643
2011-08-01,2644
2011-08-02,2645
2011-08-03,2646
2011-08-04,2647
2011-08-05,2648
2011-08-08,2649
2011-08-09,2650
2011-08-09,2651
2011-08-10,2652
2011-08-11,2653
2011-08-12,2654
2011-08-16,2655
2011-08-17,2656
2011-08-18,2657
2011-08-19,2658
2011-08-22,2659
2011-08-23,2660
2011-08-24,2661
2011-08-25,2662
2011-08-26,2663
2011-08-29,2664
2011-08-30,2665
2011-09-02,2666
2011-09-05,2667
2011-09-06,2668
2011-09-07,2669
2011-09-08,2670
2011-09-09,2671
2011-09-12,2672
2011-09-13,2673
2011-09-14,2674
2011-09-15,2675
2011-09-16,2676
2011-09-19,2677
2011-09-20,2678
2011-09-21,2679
2011-09-22,2680
2011-09-23,2681
2011-09-26,2682
2011-09-27,2683
2011-09-28,2684
2011-09-29,2685
2011-09-30,2686
2011-10-03,2687
2011-10-04,2688
2011-10-05,2689
2011-10-07,2690
2011-10-10,2691
2011-10-11,2692
2011-10-12,2693
2011-10-13,2694
2011-10-14,2695
2011-10-17,2696
2011-10-18,2697
2011-10-19,2698
2011-10-20,2699
2011-10-21,2700
2011-10-24,2701
2011-10-24,2702
2011-10-25,2703
2011-10-26,2704
2011-10-28,2705
2011-10-31,2706
2011-11-01,2707
2011-11-02,2708
2011-11-03,2709
2011-11-04,2710
2011-11-08,2711
2011-11-09,2712
2011-11-11,2713
2011-11-14,2714
2011-11-15,2715
2011-11-16,2716
2011-11-17,2717
2011-11-18,2718
2011-11-21,2719
2011-11-22,2720
2011-11-23,2721
2011-11-24,2722
2011-11-25,2723
2011-11-28,2724
2011-11-29,2725
2011-11-30,2726
2011-12-01,2727
2011-12-02,2728
2011-12-05,2729
2011-12-07,2730
2011-12-08,2731
2011-12-09,2732
2011-12-12,2733
2011-12-13,2734
2011-12-14,2735
2011-12-15,2736
2011-12-16,2737
2011-12-19,2738
2011-12-20,2739
2011-12-21,2740
2011-12-22,2741
2011-12-23,2742
2011-12-26,2743
2011-12-27,2744
2011-12-28,2745
2011-12-29,2746
2011-12-30,2747
2012-01-02,2748
2012-01-03,2749
2012-01-04,2750
2012-01-05,2751
2012-01-06,2752
2012-01-07,2753
2012-01-09,2754
2012-01-10,2755
2012-01-11,2756
2012-01-12,2757
2012-01-13,2758
2012-01-16,2759
2012-01-17,2760
2012-01-18,2761
2012-01-19,2762
2012-01-20,2763
2012-01-23,2764
2012-01-24,2765
2012-01-25,2766
2012-01-27,2767
2012-01-30,2768
2012-01-31,2769
2012-02-01,2770
2012-02-02,2771
2012-02-03,2772
2012-02-06,2773
2012-02-07,2774
2012-02-08,2775
2012-02-09,2776
2012-02-10,2777
2012-02-13,2778
2012-02-14,2779
2012-02-15,2780
2012-02-16,2781
2012-02-17,2782
2012-02-21,2783
2012-02-22,2784
2012-02-23,2785
2012-02-24,2786
2012-02-27,2787
2012-02-28,2788
2012-02-29,2789
2012-03-01,2790
2012-03-02,2791
2012-03-03,2792
2012-03-05,2793
2012-03-06,2794
2012-03-07,2795
2012-03-09,2796
2012-03-12,2797
2012-03-13,2798
2012-03-14,2799
2012-03-15,2800
2012-03-16,2801
2012-03-19,2802
2012-03-20,2803
2012-03-21,2804
2012-03-22,2805
2012-03-23,2806
2012-03-26,2807
2012-03-27,2808
2012-03-28,2809
2012-03-29,2810
2012-03-30,2811
2012-04-02,2812
2012-04-03,2813
2012-04-04,2814
2012-04-09,2815
2012-04-10,2816
2012-04-11,2817
2012-04-12,2818
2012-04-13,2819
2012-04-16,2820
2012-04-17,2821
2012-04-18,2822
2012-04-19,2823
2012-04-20,2824
2012-04-23,2825
2012-04-24,2826
2012-04-25,2827
2012-04-26,2828
2012-04-27,2829
2012-04-28,2830
2012-04-30,2831
2012-05-02,2832
2012-05-03,2833
2012-05-04,2834
2012-05-07,2835
2012-05-08,2836
2012-05-09,2837
2012-05-10,2838
2012-05-11,2839
2012-05-14,2840
2012-05-15,2841
2012-05-16,2842
2012-05-17,2843
2012-05-18,2844
2012-05-21,2845
2012-05-22,2846
2012-05-23,2847
2012-05-24,2848
2012-05-25,2849
2012-05-28,2850
2012-05-29,2851
2012-05-30,2852
2012-05-31,2853
2012-06-01,2854
2012-06-04,2855
2012-06-05,2856
2012-06-06,2857
2012-06-07,2858
2012-06-08,2859
2012-06-11,2860
2012-06-12,2861
2012-06-13,2862
2012-06-14,2863
2012-06-15,2864
2012-06-18,2865
2012-06-19,2866
2012-06-20,2867
2012-06-21,2868
2012-06-22,2869
2012-06-25,2870
2012-06-26,2871
2012-06-27,2872
2012-06-28,2873
2012-06-29,2874
2012-07-02,2875
2012-07-03,2876
2012-07-04,2877
2012-07-05,2878
2012-07-06,2879
2012-07-09,2880
2012-07-10,2881
2012-07-11,2882
2012-07-12,2883
2012-07-13,2884
2012-07-16,2885
2012-07-17,2886
2012-07-18,2887
2012-07-19,2888
2012-07-20,2889
2012-07-23,2890
2012-07-24,2891
2012-07-25,2892
2012-07-26,2893
2012-07-27,2894
2012-07-30,2895
2012-07-31,2896
2012-08-01,2897
2012-08-02,2898
2012-08-03,2899
2012-08-06,2900
2012-08-07,2901
2012-08-08,2902
2012-08-09,2903
2012-08-10,2904
2012-08-13,2905
2012-08-14,2906
2012-08-16,2907
2012-08-17,2908
2012-08-21,2909
2012-08-22,2910
2012-08-23,2911
2012-08-24,2912
2012-08-27,2913
2012-08-28,2914
2012-08-29,2915
2012-08-30,2916
2012-08-31,2917
2012-09-03,2918
2012-09-04,2919
2012-09-05,2920
2012-09-06,2921
2012-09-07,2922
2012-09-08,2923
2012-09-10,2924
2012-09-11,2925
2012-09-12,2926
2012-09-13,2927
2012-09-14,2928
2012-09-17,2929
2012-09-18,2930
2012-09-20,2931
2012-09-21,2932
2012-09-24,2933
2012-09-25,2934
2012-09-26,2935
2012-09-27,2936
2012-09-28,2937
2012-10-01,2938
2012-10-03,2939
2012-10-04,2940
2012-10-05,2941
2012-10-08,2942
2012-10-09,2943
2012-10-10,2944
2012-10-11,2945
2012-10-12,2946
2012-10-15,2947
2012-10-16,2948
2012-10-17,2949
2012-10-18,2950
2012-10-19,2951
2012-10-22,2952
2012-10-23,2953
2012-10-25,2954
2012-10-26,2955
2012-10-29,2956
2012-10-30,2957
2012-10-31,2958
2012-11-01,2959
2012-11-02,2960
2012-11-05,2961
2012-11-06,2962
2012-11-07,2963
2012-11-08,2964
2012-11-09,2965
2012-11-12,2966
2012-11-13,2967
2012-11-15,2968
2012-11-16,2969
2012-11-19,2970
2012-11-20,2971
2012-11-21,2972
2012-11-22,2973
2012-11-23,2974
2012-11-26,2975
2012-11-27,2976
2012-11-29,2977
2012-11-30,2978
2012-12-03,2979
2012-12-04,2980
2012-12-05,2981
2012-12-06,2982
2012-12-07,2983
2012-12-10,2984
2012-12-11,2985
2012-12-12,2986
2012-12-13,2987
2012-12-14,2988
2012-12-17,2989
2012-12-18,2990
2012-12-19,2991
2012-12-20,2992
2012-12-21,2993
2012-12-24,2994
2012-12-26,2995
2012-12-27,2996
2012-12-28,2997
2012-12-31,2998
2013-01-01,2999
2013-01-02,3000
2013-01-03,3001
2013-01-04,3002
2013-01-07,3003
2013-01-08,3004
2013-01-09,3005
2013-01-10,3006
2013-01-11,3007
2013-01-14,3008
2013-01-15,3009
2013-01-16,3010
2013-01-17,3011
2013-01-18,3012
2013-01-21,3013
2013-01-22,3014
2013-01-23,3015
2013-01-24,3016
2013-01-25,3017
2013-01-28,3018
2013-01-29,3019
2013-01-30,3020
2013-01-31,3021
2013-02-01,3022
2013-02-04,3023
2013-02-05,3024
2013-02-06,3025
2013-02-07,3026
2013-02-08,3027
2013-02-11,3028
2013-02-12,3029
2013-02-13,3030
2013-02-14,3031
2013-02-15,3032
2013-02-18,3033
2013-02-19,3034
2013-02-20,3035
2013-02-21,3036
2013-02-22,3037
2013-02-25,3038
2013-02-26,3039
2013-02-27,3040
2013-02-28,3041
2013-03-01,3042
2013-03-04,3043
2013-03-05,3044
2013-03-06,3045
2013-03-07,3046
2013-03-08,3047
2013-03-11,3048
2013-03-12,3049
2013-03-13,3050
2013-03-14,3051
2013-03-15,3052
2013-03-18,3053
2013-03-19,3054
2013-03-20,3055
2013-03-21,3056
2013-03-22,3057
2013-03-25,3058
2013-03-26,3059
2013-03-28,3060
2013-04-01,3061
2013-04-02,3062
2013-04-03,3063
2013-04-04,3064
2013-04-05,3065
2013-04-08,3066
2013-04-09,3067
2013-04-10,3068
2013-04-11,3069
2013-04-12,3070
2013-04-15,3071
2013-04-16,3072
2013-04-17,3073
2013-04-18,3074
2013-04-22,3075
2013-04-23,3076
2013-04-25,3077
2013-04-26,3078
2013-04-29,3079
2013-04-30,3080
2013-05-02,3081
2013-05-03,3082
2013-05-06,3083
2013-05-07,3084
2013-05-08,3085
2013-05-09,3086
2013-05-10,3087
2013-05-11,3088
2013-05-13,3089
2013-05-14,3090
2013-05-15,3091
2013-05-16,3092
2013-05-17,3093
2013-05-20,3094
2013-05-21,3095
2013-05-22,3096
2013-05-23,3097
2013-05-24,3098
2013-05-27,3099
2013-05-28,3100
2013-05-29,3101
2013-05-30,3102
2013-05-31,3103
2013-06-03,3104
2013-06-04,3105
2013-06-05,3106
2013-06-06,3107
2013-06-07,3108
2013-06-10,3109
2013-06-11,3110
2013-06-12,3111
2013-06-13,3112
2013-06-14,3113
2013-06-17,3114
2013-06-18,3115
2013-06-19,3116
2013-06-20,3117
2013-06-21,3118
2013-06-24,3119
2013-06-25,3120
2013-06-26,3121
2013-06-27,3122
2013-06-28,3123
2013-07-01,3124
2013-07-02,3125
2013-07-03,3126
2013-07-04,3127
2013-07-05,3128
2013-07-08,3129
2013-07-09,3130
2013-07-10,3131
2013-07-11,3132
2013-07-12,3133
2013-07-15,3134
2013-07-16,3135
2013-07-17,3136
2013-07-18,3137
2013-07-19,3138
2013-07-22,3139
2013-07-23,3140
2013-07-24,3141
2013-07-25,3142
2013-07-26,3143
2013-07-29,3144
2013-07-30,3145
2013-07-31,3146
2013-08-01,3147
2013-08-02,3148
2013-08-05,3149
2013-08-06,3150
2013-08-07,3151
2013-08-08,3152
2013-08-12,3153
2013-08-13,3154
2013-08-14,3155
2013-08-16,3156
2013-08-19,3157
2013-08-20,3158
2013-08-21,3159
2013-08-22,3160
2013-08-23,3161
2013-08-26,3162
2013-08-27,3163
2013-08-28,3164
2013-08-29,3165
2013-08-30,3166
2013-09-02,3167
2013-09-03,3168
2013-09-04,3169
2013-09-05,3170
2013-09-06,3171
2013-09-10,3172
2013-09-11,3173
2013-09-12,3174
2013-09-13,3175
2013-09-16,3176
2013-09-17,3177
2013-09-18,3178
2013-09-19,3179
2013-09-20,3180
2013-09-23,3181
2013-09-24,3182
2013-09-25,3183
2013-09-26,3184
2013-09-27,3185
2013-09-30,3186
2013-10-01,3187
2013-10-03,3188
2013-10-04,3189
2013-10-07,3190
2013-10-08,3191
2013-10-09,3192
2013-10-10,3193
2013-10-11,3194
2013-10-14,3195
2013-10-15,3196
2013-10-17,3197
2013-10-18,3198
2013-10-21,3199
2013-10-22,3200
2013-10-23,3201
2013-10-24,3202
2013-10-25,3203
2013-10-28,3204
2013-10-29,3205
2013-10-30,3206
2013-10-31,3207
2013-11-01,3208
2013-11-03,3209
2013-11-05,3210
2013-11-06,3211
2013-11-07,3212
2013-11-08,3213
2013-11-11,3214
2013-11-12,3215
2013-11-13,3216
2013-11-14,3217
2013-11-18,3218
2013-11-19,3219
2013-11-20,3220
2013-11-21,3221
2013-11-22,3222
2013-11-25,3223
2013-11-26,3224
2013-11-27,3225
2013-11-28,3226
2013-11-29,3227
2013-12-02,3228
2013-12-03,3229
2013-12-04,3230
2013-12-05,3231
2013-12-06,3232
2013-12-09,3233
2013-12-10,3234
2013-12-11,3235
2013-12-12,3236
2013-12-13,3237
2013-12-16,3238
2013-12-17,3239
2013-12-18,3240
2013-12-19,3241
2013-12-20,3242
2013-12-23,3243
2013-12-24,3244
2013-12-26,3245
2013-12-27,3246
2013-12-30,3247
2013-12-31,3248
2014-01-01,3249
2014-01-02,3250
2014-01-03,3251
2014-01-06,3252
2014-01-07,3253
2014-01-08,3254
2014-01-09,3255
2014-01-10,3256
2014-01-13,3257
2014-01-14,3258
2014-01-15,3259
2014-01-16,3260
2014-01-17,3261
2014-01-20,3262
2014-01-21,3263
2014-01-22,3264
2014-01-23,3265
2014-01-24,3266
2014-01-27,3267
2014-01-28,3268
2014-01-29,3269
2014-01-30,3270
2014-01-31,3271
2014-02-03,3272
2014-02-04,3273
2014-02-05,3274
2014-02-06,3275
2014-02-07,3276
2014-02-10,3277
2014-02-11,3278
2014-02-12,3279
2014-02-13,3280
2014-02-14,3281
2014-02-17,3282
2014-02-18,3283
2014-02-19,3284
2014-02-20,3285
2014-02-21,3286
2014-02-24,3287
2014-02-25,3288
2014-02-26,3289
2014-02-28,3290
2014-03-03,3291
2014-03-04,3292
2014-03-05,3293
2014-03-06,3294
2014-03-07,3295
2014-03-10,3296
2014-03-11,3297
2014-03-12,3298
2014-03-13,3299
2014-03-14,3300
2014-03-18,3301
2014-03-19,3302
2014-03-20,3303
2014-03-21,3304
2014-03-22,3305
2014-03-24,3306
2014-03-25,3307
2014-03-26,3308
2014-03-27,3309
2014-03-28,3310
2014-03-31,3311
2014-04-01,3312
2014-04-02,3313
2014-04-03,3314
2014-04-04,3315
2014-04-07,3316
2014-04-09,3317
2014-04-10,3318
2014-04-11,3319
2014-04-15,3320
2014-04-16,3321
2014-04-17,3322
2014-04-21,3323
2014-04-22,3324
2014-04-23,3325
2014-04-25,3326
2014-04-28,3327
2014-04-29,3328
2014-04-30,3329
2014-05-02,3330
2014-05-05,3331
2014-05-06,3332
2014-05-07,3333
2014-05-08,3334
2014-05-09,3335
2014-05-12,3336
2014-05-13,3337
2014-05-14,3338
2014-05-15,3339
2014-05-16,3340
2014-05-19,3341
2014-05-20,3342
2014-05-21,3343
2014-05-22,3344
2014-05-23,3345
2014-05-26,3346
2014-05-27,3347
2014-05-28,3348
2014-05-29,3349
2014-05-30,3350
2014-06-02,3351
2014-06-03,3352
2014-06-04,3353
2014-06-05,3354
2014-06-06,3355
2014-06-09,3356
2014-06-10,3357
2014-06-11,3358
2014-06-12,3359
2014-06-13,3360
2014-06-16,3361
2014-06-17,3362
2014-06-18,3363
2014-06-19,3364
2014-06-20,3365
2014-06-23,3366
2014-06-24,3367
2014-06-25,3368
2014-06-26,3369
2014-06-27,3370
2014-06-30,3371
2014-07-01,3372
2014-07-02,3373
2014-07-03,3374
2014-07-04,3375
2014-07-07,3376
2014-07-08,3377
2014-07-09,3378
2014-07-10,3379
2014-07-11,3380
2014-07-14,3381
2014-07-15,3382
2014-07-16,3383
2014-07-17,3384
2014-07-18,3385
2014-07-21,3386
2014-07-22,3387
2014-07-23,3388
2014-07-24,3389
2014-07-25,3390
2014-07-28,3391
2014-07-30,3392
2014-07-31,3393
2014-08-01,3394
2014-08-04,3395
2014-08-05,3396
2014-08-06,3397
2014-08-07,3398
2014-08-08,3399
2014-08-11,3400
2014-08-12,3401
2014-08-13,3402
2014-08-14,3403
2014-08-18,3404
2014-08-19,3405
2014-08-20,3406
2014-08-21,3407
2014-08-22,3408
2014-08-25,3409
2014-08-26,3410
2014-08-27,3411
2014-08-28,3412
2014-09-01,3413
2014-09-02,3414
2014-09-03,3415
2014-09-04,3416
2014-09-05,3417
2014-09-08,3418
2014-09-09,3419
2014-09-10,3420
2014-09-11,3421
2014-09-12,3422
2014-09-15,3423
2014-09-16,3424
2014-09-17,3425
2014-09-18,3426
2014-09-19,3427
2014-09-22,3428
2014-09-23,3429
2014-09-24,3430
2014-09-25,3431
2014-09-26,3432
2014-09-29,3433
2014-09-30,3434
2014-10-01,3435
2014-10-07,3436
2014-10-08,3437
2014-10-09,3438
2014-10-10,3439
2014-10-13,3440
2014-10-14,3441
2014-10-16,3442
2014-10-17,3443
2014-10-20,3444
2014-10-21,3445
2014-10-22,3446
2014-10-23,3447
2014-10-27,3448
2014-10-28,3449
2014-10-29,3450
2014-10-30,3451
2014-10-31,3452
2014-11-03,3453
2014-11-05,3454
2014-11-07,3455
2014-11-10,3456
2014-11-11,3457
2014-11-12,3458
2014-11-13,3459
2014-11-14,3460
2014-11-17,3461
2014-11-18,3462
2014-11-19,3463
2014-11-20,3464
2014-11-21,3465
2014-11-24,3466
2014-11-25,3467
2014-11-26,3468
2014-11-27,3469
2014-11-28,3470
2014-12-01,3471
2014-12-02,3472
2014-12-03,3473
2014-12-04,3474
2014-12-05,3475
2014-12-08,3476
2014-12-09,3477
2014-12-10,3478
2014-12-11,3479
2014-12-12,3480
2014-12-15,3481
2014-12-16,3482
2014-12-17,3483
2014-12-18,3484
2014-12-19,3485
2014-12-22,3486
2014-12-23,3487
2014-12-24,3488
2014-12-26,3489
2014-12-29,3490
2014-12-30,3491
2014-12-31,3492
2015-01-01,3493
2015-01-02,3494
2015-01-05,3495
2015-01-06,3496
2015-01-07,3497
2015-01-08,3498
2015-01-09,3499
2015-01-12,3500
2015-01-13,3501
2015-01-14,3502
2015-01-15,3503
2015-01-16,3504
2015-01-19,3505
2015-01-20,3506
2015-01-21,3507
2015-01-22,3508
2015-01-23,3509
2015-01-27,3510
2015-01-28,3511
2015-01-29,3512
2015-01-30,3513
2015-02-02,3514
2015-02-03,3515
2015-02-04,3516
2015-02-05,3517
2015-02-06,3518
2015-02-09,3519
2015-02-10,3520
2015-02-11,3521
2015-02-12,3522
2015-02-13,3523
2015-02-16,3524
2015-02-18,3525
2015-02-19,3526
2015-02-20,3527
2015-02-23,3528
2015-02-24,3529
2015-02-25,3530
2015-02-26,3531
2015-02-27,3532
2015-02-28,3533
2015-03-02,3534
2015-03-03,3535
2015-03-04,3536
2015-03-05,3537
2015-03-09,3538
2015-03-10,3539
2015-03-11,3540
2015-03-12,3541
2015-03-13,3542
2015-03-16,3543
2015-03-17,3544
2015-03-18,3545
2015-03-19,3546
2015-03-20,3547
2015-03-23,3548
2015-03-24,3549
2015-03-25,3550
2015-03-26,3551
2015-03-27,3552
2015-03-30,3553
2015-03-31,3554
2015-04-01,3555
2015-04-06,3556
2015-04-07,3557
2015-04-08,3558
2015-04-09,3559
2015-04-10,3560
2015-04-13,3561
2015-04-15,3562
2015-04-16,3563
2015-04-17,3564
2015-04-20,3565
2015-04-21,3566
2015-04-22,3567
2015-04-23,3568
2015-04-24,3569
2015-04-27,3570
2015-04-28,3571
2015-04-29,3572
2015-04-30,3573
2015-05-04,3574
2015-05-05,3575
2015-05-06,3576
2015-05-07,3577
2015-05-08,3578
2015-05-11,3579
2015-05-12,3580
2015-05-13,3581
2015-05-14,3582
2015-05-15,3583
2015-05-18,3584
2015-05-19,3585
2015-05-20,3586
2015-05-21,3587
2015-05-22,3588
2015-05-25,3589
2015-05-26,3590
2015-05-27,3591
2015-05-28,3592
2015-05-29,3593
2015-06-01,3594
2015-06-02,3595
2015-06-03,3596
2015-06-04,3597
2015-06-05,3598
2015-06-08,3599
2015-06-09,3600
2015-06-10,3601
2015-06-11,3602
2015-06-12,3603
2015-06-15,3604
2015-06-16,3605
2015-06-17,3606
2015-06-18,3607
2015-06-19,3608
2015-06-22,3609
2015-06-23,3610
2015-06-24,3611
2015-06-25,3612
2015-06-26,3613
2015-06-29,3614
2015-06-30,3615
2015-07-01,3616
2015-07-02,3617
2015-07-03,3618
2015-07-06,3619
2015-07-07,3620
2015-07-08,3621
2015-07-09,3622
2015-07-10,3623
2015-07-13,3624
2015-07-14,3625
2015-07-15,3626
2015-07-16,3627
2015-07-17,3628
2015-07-20,3629
2015-07-21,3630
2015-07-22,3631
2015-07-23,3632
2015-07-24,3633
2015-07-27,3634
2015-07-28,3635
2015-07-29,3636
2015-07-30,3637
2015-07-31,3638
2015-08-03,3639
2015-08-04,3640
2015-08-05,3641
2015-08-06,3642
2015-08-07,3643
2015-08-10,3644
2015-08-11,3645
2015-08-12,3646
2015-08-13,3647
2015-08-14,3648
2015-08-17,3649
2015-08-18,3650
2015-08-19,3651
2015-08-20,3652
2015-08-21,3653
2015-08-24,3654
2015-08-25,3655
2015-08-26,3656
2015-08-27,3657
2015-08-28,3658
2015-08-31,3659
2015-09-01,3660
2015-09-02,3661
2015-09-03,3662
2015-09-04,3663
2015-09-07,3664
2015-09-08,3665
2015-09-09,3666
2015-09-10,3667
2015-09-11,3668
2015-09-14,3669
2015-09-15,3670
2015-09-16,3671
2015-09-18,3672
2015-09-21,3673
2015-09-22,3674
2015-09-23,3675
2015-09-24,3676
2015-09-28,3677
2015-09-29,3678
2015-09-30,3679
2015-10-01,3680
2015-10-05,3681
2015-10-06,3682
2015-10-07,3683
2015-10-08,3684
2015-10-09,3685
2015-10-12,3686
2015-10-13,3687
2015-10-14,3688
2015-10-15,3689
2015-10-16,3690
2015-10-19,3691
2015-10-20,3692
2015-10-21,3693
2015-10-23,3694
2015-10-26,3695
2015-10-27,3696
2015-10-28,3697
2015-10-29,3698
2015-10-30,3699
2015-11-02,3700
2015-11-03,3701
2015-11-04,3702
2015-11-05,3703
2015-11-06,3704
2015-11-09,3705
2015-11-10,3706
2015-11-11,3707
2015-11-13,3708
2015-11-16,3709
2015-11-17,3710
2015-11-18,3711
2015-11-19,3712
2015-11-20,3713
2015-11-23,3714
2015-11-24,3715
2015-11-26,3716
2015-11-27,3717
2015-11-30,3718
2015-12-01,3719
2015-12-02,3720
2015-12-03,3721
2015-12-04,3722
2015-12-07,3723
2015-12-08,3724
2015-12-09,3725
2015-12-10,3726
2015-12-11,3727
2015-12-14,3728
2015-12-15,3729
2015-12-16,3730
2015-12-17,3731
2015-12-18,3732
2015-12-21,3733
2015-12-22,3734
2015-12-23,3735
2015-12-24,3736
2015-12-28,3737
2015-12-29,3738
2015-12-30,3739
2015-12-31,3740
2016-01-01,3741
2016-01-04,3742
2016-01-05,3743
2016-01-06,3744
2016-01-07,3745
2016-01-08,3746
2016-01-11,3747
2016-01-12,3748
2016-01-13,3749
2016-01-14,3750
2016-01-15,3751
2016-01-18,3752
2016-01-19,3753
2016-01-20,3754
2016-01-21,3755
2016-01-22,3756
2016-01-25,3757
2016-01-27,3758
2016-01-28,3759
2016-01-29,3760
2016-02-01,3761
2016-02-02,3762
2016-02-03,3763
2016-02-04,3764
2016-02-05,3765
2016-02-08,3766
2016-02-09,3767
2016-02-10,3768
2016-02-11,3769
2016-02-12,3770
2016-02-15,3771
2016-02-16,3772
2016-02-17,3773
2016-02-18,3774
2016-02-19,3775
2016-02-22,3776
2016-02-23,3777
2016-02-24,3778
2016-02-25,3779
2016-02-26,3780
2016-02-29,3781
2016-03-01,3782
2016-03-02,3783
2016-03-03,3784
2016-03-04,3785
2016-03-08,3786
2016-03-09,3787
2016-03-10,3788
2016-03-11,3789
2016-03-14,3790
2016-03-15,3791
2016-03-16,3792
2016-03-17,3793
2016-03-18,3794
2016-03-21,3795
2016-03-22,3796
2016-03-23,3797
2016-03-28,3798
2016-03-29,3799
2016-03-30,3800
2016-03-31,3801
2016-04-01,3802
2016-04-04,3803
2016-04-05,3804
2016-04-06,3805
2016-04-07,3806
2016-04-08,3807
2016-04-11,3808
2016-04-12,3809
2016-04-13,3810
2016-04-18,3811
2016-04-20,3812
2016-04-21,3813
2016-04-22,3814
2016-04-25,3815
2016-04-26,3816
2016-04-27,3817
2016-04-28,3818
2016-04-29,3819
2016-05-02,3820
2016-05-03,3821
2016-05-04,3822
2016-05-05,3823
2016-05-06,3824
2016-05-09,3825
2016-05-10,3826
2016-05-11,3827
2016-05-12,3828
2016-05-13,3829
2016-05-16,3830
2016-05-17,3831
2016-05-18,3832
2016-05-19,3833
2016-05-20,3834
2016-05-23,3835
2016-05-24,3836
2016-05-25,3837
2016-05-26,3838
2016-05-27,3839
2016-05-30,3840
2016-05-31,3841
2016-06-01,3842
2016-06-02,3843
2016-06-03,3844
2016-06-06,3845
2016-06-07,3846
2016-06-08,3847
2016-06-09,3848
2016-06-10,3849
2016-06-13,3850
2016-06-14,3851
2016-06-15,3852
2016-06-16,3853
2016-06-17,3854
2016-06-20,3855
2016-06-21,3856
2016-06-22,3857
2016-06-23,3858
2016-06-24,3859
2016-06-27,3860
2016-06-28,3861
2016-06-29,3862
2016-06-30,3863
2016-07-01,3864
2016-07-04,3865
2016-07-05,3866
2016-07-07,3867
2016-07-08,3868
2016-07-11,3869
2016-07-12,3870
2016-07-13,3871
2016-07-14,3872
2016-07-15,3873
2016-07-18,3874
2016-07-19,3875
2016-07-20,3876
2016-07-21,3877
2016-07-22,3878
2016-07-25,3879
2016-07-26,3880
2016-07-27,3881
2016-07-28,3882
2016-07-29,3883
2016-08-01,3884
2016-08-02,3885
2016-08-03,3886
2016-08-04,3887
2016-08-05,3888
2016-08-08,3889
2016-08-09,3890
2016-08-10,3891
2016-08-11,3892
2016-08-12,3893
2016-08-16,3894
2016-08-17,3895
2016-08-18,3896
2016-08-19,3897
2016-08-22,3898
2016-08-23,3899
2016-08-24,3900
2016-08-25,3901
2016-08-26,3902
2016-08-29,3903
2016-08-30,3904
2016-08-31,3905
2016-09-01,3906
2016-09-02,3907
2016-09-06,3908
2016-09-07,3909
2016-09-08,3910
2016-09-09,3911
2016-09-12,3912
2016-09-14,3913
2016-09-15,3914
2016-09-16,3915
2016-09-19,3916
2016-09-20,3917
2016-09-21,3918
2016-09-22,3919
2016-09-23,3920
2016-09-26,3921
2016-09-27,3922
2016-09-28,3923
2016-09-29,3924
2016-09-30,3925
2016-10-03,3926
2016-10-04,3927
2016-10-05,3928
2016-10-06,3929
2016-10-07,3930
2016-10-10,3931
2016-10-13,3932
2016-10-14,3933
2016-10-17,3934
2016-10-18,3935
2016-10-19,3936
2016-10-20,3937
2016-10-21,3938
2016-10-24,3939
2016-10-25,3940
2016-10-26,3941
2016-10-27,3942
2016-10-28,3943
2016-10-30,3944
2016-11-01,3945
2016-11-02,3946
2016-11-03,3947
2016-11-04,3948
2016-11-07,3949
2016-11-08,3950
2016-11-09,3951
2016-11-10,3952
2016-11-11,3953
2016-11-15,3954
2016-11-16,3955
2016-11-17,3956
2016-11-18,3957
2016-11-21,3958
2016-11-22,3959
2016-11-23,3960
2016-11-24,3961
2016-11-25,3962
2016-11-28,3963
2016-11-29,3964
2016-11-30,3965
2016-12-01,3966
2016-12-02,3967
2016-12-05,3968
2016-12-06,3969
2016-12-07,3970
2016-12-08,3971
2016-12-09,3972
2016-12-12,3973
2016-12-13,3974
2016-12-14,3975
2016-12-15,3976
2016-12-16,3977
2016-12-19,3978
2016-12-20,3979
2016-12-21,3980
2016-12-22,3981
2016-12-23,3982
2016-12-26,3983
2016-12-27,3984
2016-12-28,3985
2016-12-29,3986
2016-12-30,3987
2017-01-02,3988
2017-01-03,3989
2017-01-04,3990
2017-01-05,3991
2017-01-06,3992
2017-01-09,3993
2017-01-10,3994
2017-01-11,3995
2017-01-12,3996
2017-01-13,3997
2017-01-16,3998
2017-01-17,3999
2017-01-18,4000
2017-01-19,4001
2017-01-20,4002
2017-01-23,4003
2017-01-24,4004
2017-01-25,4005
2017-01-27,4006
2017-01-30,4007
2017-01-31,4008
2017-02-01,4009
2017-02-02,4010
2017-02-03,4011
2017-02-06,4012
2017-02-07,4013
2017-02-08,4014
2017-02-09,4015
2017-02-10,4016
2017-02-13,4017
2017-02-14,4018
2017-02-15,4019
2017-02-16,4020
2017-02-17,4021
2017-02-20,4022
2017-02-21,4023
2017-02-22,4024
2017-02-23,4025
2017-02-27,4026
2017-02-28,4027
2017-03-01,4028
2017-03-02,4029
2017-03-03,4030
2017-03-06,4031
2017-03-07,4032
2017-03-08,4033
2017-03-09,4034
2017-03-10,4035
2017-03-14,4036
2017-03-15,4037
2017-03-16,4038
2017-03-17,4039
2017-03-20,4040
2017-03-21,4041
2017-03-22,4042
2017-03-23,4043
2017-03-24,4044
2017-03-27,4045
2017-03-28,4046
2017-03-29,4047
2017-03-30,4048
2017-03-31,4049
2017-04-03,4050
2017-04-05,4051
2017-04-06,4052
2017-04-07,4053
2017-04-10,4054
2017-04-11,4055
2017-04-12,4056
2017-04-13,4057
2017-04-17,4058
2017-04-18,4059
2017-04-19,4060
2017-04-20,4061
2017-04-21,4062
2017-04-24,4063
2017-04-25,4064
2017-04-26,4065
2017-04-27,4066
2017-04-28,4067
2017-05-02,4068
2017-05-03,4069
2017-05-04,4070
2017-05-05,4071
2017-05-08,4072
2017-05-09,4073
2017-05-10,4074
2017-05-11,4075
2017-05-12,4076
2017-05-15,4077
2017-05-16,4078
2017-05-17,4079
2017-05-18,4080
2017-05-19,4081
2017-05-22,4082
2017-05-23,4083
2017-05-24,4084
2017-05-25,4085
2017-05-26,4086
2017-05-29,4087
2017-05-30,4088
2017-05-31,4089
2017-06-01,4090
2017-06-02,4091
2017-06-05,4092
2017-06-06,4093
2017-06-07,4094
2017-06-08,4095
2017-06-09,4096
2017-06-12,4097
2017-06-13,4098
2017-06-14,4099
2017-06-15,4100
2017-06-16,4101
2017-06-19,4102
2017-06-20,4103
2017-06-21,4104
2017-06-22,4105
2017-06-23,4106
2017-06-27,4107
2017-06-28,4108
2017-06-29,4109
2017-06-30,4110
2017-07-03,4111
2017-07-04,4112
2017-07-05,4113
2017-07-06,4114
2017-07-07,4115
2017-07-10,4116
2017-07-11,4117
2017-07-12,4118
2017-07-13,4119
2017-07-14,4120
2017-07-17,4121
2017-07-18,4122
2017-07-19,4123
2017-07-20,4124
2017-07-21,4125
2017-07-24,4126
2017-07-25,4127
2017-07-26,4128
2017-07-27,4129
2017-07-28,4130
2017-07-31,4131
2017-08-01,4132
2017-08-02,4133
2017-08-03,4134
2017-08-04,4135
2017-08-07,4136
2017-08-08,4137
2017-08-09,4138
2017-08-10,4139
2017-08-11,4140
2017-08-14,4141
2017-08-16,4142
2017-08-17,4143
2017-08-18,4144
2017-08-21,4145
2017-08-22,4146
2017-08-23,4147
2017-08-24,4148
2017-08-28,4149
2017-08-29,4150
2017-08-30,4151
2017-08-31,4152
2017-09-01,4153
2017-09-04,4154
2017-09-05,4155
2017-09-06,4156
2017-09-07,4157
2017-09-08,4158
2017-09-11,4159
2017-09-12,4160
2017-09-13,4161
2017-09-14,4162
2017-09-15,4163
2017-09-18,4164
2017-09-19,4165
2017-09-20,4166
2017-09-21,4167
2017-09-22,4168
2017-09-25,4169
2017-09-26,4170
2017-09-27,4171
2017-09-28,4172
2017-09-29,4173
2017-10-03,4174
2017-10-04,4175
2017-10-05,4176
2017-10-06,4177
2017-10-09,4178
2017-10-10,4179
2017-10-11,4180
2017-10-12,4181
2017-10-13,4182
2017-10-16,4183
2017-10-17,4184
2017-10-18,4185
2017-10-19,4186
2017-10-23,4187
2017-10-24,4188
2017-10-25,4189
2017-10-26,4190
2017-10-27,4191
2017-10-30,4192
2017-10-31,4193
2017-11-01,4194
2017-11-02,4195
2017-11-03,4196
2017-11-06,4197
2017-11-07,4198
2017-11-08,4199
2017-11-09,4200
2017-11-10,4201
2017-11-13,4202
2017-11-14,4203
2017-11-15,4204
2017-11-16,4205
2017-11-17,4206
2017-11-20,4207
2017-11-21,4208
2017-11-22,4209
2017-11-23,4210
2017-11-24,4211
2017-11-27,4212
2017-11-28,4213
2017-11-29,4214
2017-11-30,4215
2017-12-01,4216
2017-12-04,4217
2017-12-05,4218
2017-12-06,4219
2017-12-07,4220
2017-12-08,4221
2017-12-11,4222
2017-12-12,4223
2017-12-13,4224
2017-12-14,4225
2017-12-15,4226
2017-12-18,4227
2017-12-19,4228
2017-12-20,4229
2017-12-21,4230
2017-12-22,4231
2017-12-26,4232
2017-12-27,4233
2017-12-28,4234
2017-12-29,4235
2018-01-01,4236
2018-01-02,4237
2018-01-03,4238
2018-01-04,4239
2018-01-05,4240
2018-01-08,4241
2018-01-09,4242
2018-01-10,4243
2018-01-11,4244
2018-01-12,4245
2018-01-15,4246
2018-01-16,4247
2018-01-17,4248
2018-01-18,4249
2018-01-19,4250
2018-01-22,4251
2018-01-23,4252
2018-01-24,4253
2018-01-25,4254
2018-01-29,4255
2018-01-30,4256
2018-01-31,4257
2018-02-01,4258
2018-02-02,4259
2018-02-05,4260
2018-02-06,4261
2018-02-07,4262
2018-02-08,4263
2018-02-09,4264
2018-02-12,4265
2018-02-14,4266
2018-02-15,4267
2018-02-16,4268
2018-02-19,4269
2018-02-20,4270
2018-02-21,4271
2018-02-22,4272
2018-02-23,4273
2018-02-26,4274
2018-02-27,4275
2018-02-28,4276
2018-03-01,4277
2018-03-05,4278
2018-03-06,4279
2018-03-07,4280
2018-03-08,4281
2018-03-09,4282
2018-03-12,4283
2018-03-13,4284
2018-03-14,4285
2018-03-15,4286
2018-03-16,4287
2018-03-19,4288
2018-03-20,4289
2018-03-21,4290
2018-03-22,4291
2018-03-23,4292
2018-03-26,4293
2018-03-27,4294
2018-03-28,4295
2018-04-02,4296
2018-04-03,4297
2018-04-04,4298
2018-04-05,4299
2018-04-06,4300
2018-04-09,4301
2018-04-10,4302
2018-04-11,4303
2018-04-12,4304
2018-04-13,4305
2018-04-16,4306
2018-04-17,4307
2018-04-18,4308
2018-04-19,4309
2018-04-20,4310
2018-04-23,4311
2018-04-24,4312
2018-04-25,4313
2018-04-26,4314
2018-04-27,4315
2018-04-30,4316
2018-05-02,4317
2018-05-03,4318
2018-05-04,4319
2018-05-07,4320
2018-05-08,4321
2018-05-09,4322
2018-05-10,4323
2018-05-11,4324
2018-05-14,4325
2018-05-15,4326
2018-05-16,4327
2018-05-17,4328
2018-05-18,4329
2018-05-21,4330
2018-05-22,4331
2018-05-23,4332
2018-05-24,4333
2018-05-25,4334
2018-05-28,4335
2018-05-29,4336
2018-05-30,4337
2018-05-31,4338
2018-06-01,4339
2018-06-04,4340
2018-06-05,4341
2018-06-06,4342
2018-06-07,4343
2018-06-08,4344
2018-06-11,4345
2018-06-12,4346
2018-06-13,4347
2018-06-14,4348
2018-06-15,4349
2018-06-18,4350
2018-06-19,4351
2018-06-20,4352
2018-06-21,4353
2018-06-22,4354
2018-06-25,4355
2018-06-26,4356
2018-06-27,4357
2018-06-28,4358
2018-06-29,4359
2018-07-02,4360
2018-07-03,4361
2018-07-04,4362
2018-07-05,4363
2018-07-06,4364
2018-07-09,4365
2018-07-10,4366
2018-07-11,4367
2018-07-12,4368
2018-07-13,4369
2018-07-16,4370
2018-07-17,4371
2018-07-18,4372
2018-07-19,4373
2018-07-20,4374
2018-07-23,4375
2018-07-24,4376
2018-07-25,4377
2018-07-26,4378
2018-07-27,4379
2018-07-30,4380
2018-07-31,4381
2018-08-01,4382
2018-08-02,4383
2018-08-03,4384
2018-08-06,4385
2018-08-07,4386
2018-08-08,4387
2018-08-09,4388
2018-08-10,4389
2018-08-13,4390
2018-08-14,4391
2018-08-16,4392
2018-08-17,4393
2018-08-20,4394
2018-08-21,4395
2018-08-23,4396
2018-08-24,4397
2018-08-27,4398
2018-08-28,4399
2018-08-29,4400
2018-08-30,4401
2018-08-31,4402
2018-09-03,4403
2018-09-04,4404
2018-09-05,4405
2018-09-06,4406
2018-09-07,4407
2018-09-10,4408
2018-09-11,4409
2018-09-12,4410
2018-09-14,4411
2018-09-17,4412
2018-09-18,4413
2018-09-19,4414
2018-09-21,4415
2018-09-24,4416
2018-09-25,4417
2018-09-26,4418
2018-09-27,4419
2018-09-28,4420
2018-10-01,4421
2018-10-03,4422
2018-10-04,4423
2018-10-05,4424
2018-10-08,4425
2018-10-09,4426
2018-10-10,4427
2018-10-11,4428
2018-10-12,4429
2018-10-15,4430
2018-10-16,4431
2018-10-17,4432
2018-10-19,4433
2018-10-22,4434
2018-10-23,4435
2018-10-24,4436
2018-10-25,4437
2018-10-26,4438
2018-10-29,4439
2018-10-30,4440
2018-10-31,4441
2018-11-01,4442
2018-11-02,4443
2018-11-05,4444
2018-11-06,4445
2018-11-07,4446
2018-11-09,4447
2018-11-12,4448
2018-11-13,4449
2018-11-14,4450
2018-11-15,4451
2018-11-16,4452
2018-11-19,4453
2018-11-20,4454
2018-11-21,4455
2018-11-22,4456
2018-11-26,4457
2018-11-27,4458
2018-11-28,4459
2018-11-29,4460
2018-11-30,4461
2018-12-03,4462
2018-12-04,4463
2018-12-05,4464
2018-12-06,4465
2018-12-07,4466
2018-12-10,4467
2018-12-11,4468
2018-12-12,4469
2018-12-13,4470
2018-12-14,4471
2018-12-17,4472
2018-12-18,4473
2018-12-19,4474
2018-12-20,4475
2018-12-21,4476
2018-12-24,4477
2018-12-26,4478
2018-12-27,4479
2018-12-28,4480
2018-12-31,4481
2019-01-01,4482
2019-01-02,4483
2019-01-03,4484
2019-01-04,4485
2019-01-07,4486
2019-01-08,4487
2019-01-09,4488
2019-01-10,4489
2019-01-11,4490
2019-01-14,4491
2019-01-15,4492
2019-01-16,4493
2019-01-17,4494
2019-01-18,4495
2019-01-21,4496
2019-01-22,4497
2019-01-23,4498
2019-01-24,4499
2019-01-25,4500
2019-01-28,4501
2019-01-29,4502
2019-01-30,4503
2019-01-31,4504
2019-02-01,4505
2019-02-04,4506
2019-02-05,4507
2019-02-06,4508
2019-02-07,4509
2019-02-08,4510
2019-02-11,4511
2019-02-12,4512
2019-02-13,4513
2019-02-14,4514
2019-02-15,4515
2019-02-18,4516
2019-02-19,4517
2019-02-20,4518
2019-02-21,4519
2019-02-22,4520
2019-02-25,4521
2019-02-26,4522
2019-02-27,4523
2019-02-28,4524
2019-03-01,4525
2019-03-05,4526
2019-03-06,4527
2019-03-07,4528
2019-03-08,4529
2019-03-11,4530
2019-03-12,4531
2019-03-13,4532
2019-03-14,4533
2019-03-15,4534
2019-03-18,4535
2019-03-19,4536
2019-03-20,4537
2019-03-22,4538
2019-03-25,4539
2019-03-26,4540
2019-03-27,4541
2019-03-28,4542
2019-03-29,4543
2019-04-01,4544
2019-04-02,4545
2019-04-03,4546
2019-04-04,4547
2019-04-05,4548
2019-04-08,4549
2019-04-09,4550
2019-04-10,4551
2019-04-11,4552
2019-04-12,4553
2019-04-15,4554
2019-04-16,4555
2019-04-18,4556
2019-04-22,4557
2019-04-23,4558
2019-04-24,4559
2019-04-25,4560
2019-04-26,4561
2019-04-30,4562
2019-05-02,4563
2019-05-03,4564
2019-05-06,4565
2019-05-07,4566
2019-05-08,4567
2019-05-09,4568
2019-05-10,4569
2019-05-13,4570
2019-05-14,4571
2019-05-15,4572
2019-05-16,4573
2019-05-17,4574
2019-05-20,4575
2019-05-21,4576
2019-05-22,4577
2019-05-23,4578
2019-05-24,4579
2019-05-27,4580
2019-05-28,4581
2019-05-29,4582
2019-05-30,4583
2019-05-31,4584
2019-06-03,4585
2019-06-04,4586
2019-06-06,4587
2019-06-07,4588
2019-06-10,4589
2019-06-11,4590
2019-06-12,4591
2019-06-13,4592
2019-06-14,4593
2019-06-17,4594
2019-06-18,4595
2019-06-19,4596
2019-06-20,4597
2019-06-21,4598
2019-06-24,4599
2019-06-25,4600
2019-06-26,4601
2019-06-27,4602
2019-06-28,4603
2019-07-01,4604
2019-07-02,4605
2019-07-03,4606
2019-07-04,4607
2019-07-05,4608
2019-07-08,4609
2019-07-09,4610
2019-07-10,4611
2019-07-11,4612
2019-07-12,4613
2019-07-15,4614
2019-07-16,4615
2019-07-17,4616
2019-07-18,4617
2019-07-19,4618
2019-07-22,4619
2019-07-23,4620
2019-07-24,4621
2019-07-25,4622
2019-07-26,4623
2019-07-29,4624
2019-07-30,4625
2019-07-31,4626
2019-08-01,4627
2019-08-02,4628
2019-08-05,4629
2019-08-06,4630
2019-08-07,4631
2019-08-08,4632
2019-08-09,4633
2019-08-13,4634
2019-08-14,4635
2019-08-16,4636
2019-08-19,4637
2019-08-20,4638
2019-08-21,4639
2019-08-22,4640
2019-08-23,4641
2019-08-26,4642
2019-08-27,4643
2019-08-28,4644
2019-08-29,4645
2019-08-30,4646
2019-09-03,4647
2019-09-04,4648
2019-09-05,4649
2019-09-06,4650
2019-09-09,4651
2019-09-11,4652
2019-09-12,4653
2019-09-13,4654
2019-09-16,4655
2019-09-17,4656
2019-09-18,4657
2019-09-19,4658
2019-09-20,4659
2019-09-23,4660
2019-09-24,4661
2019-09-25,4662
2019-09-26,4663
2019-09-27,4664
2019-09-30,4665
2019-10-01,4666
2019-10-03,4667
2019-10-04,4668
2019-10-07,4669
2019-10-09,4670
2019-10-10,4671
2019-10-11,4672
2019-10-14,4673
2019-10-15,4674
2019-10-16,4675
2019-10-17,4676
2019-10-18,4677
2019-10-22,4678
2019-10-23,4679
2019-10-24,4680
2019-10-25,4681
2019-10-27,4682
2019-10-29,4683
2019-10-30,4684
2019-10-31,4685
2019-11-01,4686
2019-11-04,4687
2019-11-05,4688
2019-11-06,4689
2019-11-07,4690
2019-11-08,4691
2019-11-11,4692
2019-11-13,4693
2019-11-14,4694
2019-11-15,4695
2019-11-18,4696
2019-11-19,4697
2019-11-20,4698
2019-11-21,4699
2019-11-22,4700
2019-11-25,4701
2019-11-26,4702
2019-11-27,4703
2019-11-28,4704
2019-11-29,4705
2019-12-02,4706
2019-12-03,4707
2019-12-04,4708
2019-12-05,4709
2019-12-06,4710
2019-12-09,4711
2019-12-10,4712
2019-12-11,4713
2019-12-12,4714
2019-12-13,4715
2019-12-16,4716
2019-12-17,4717
2019-12-18,4718
2019-12-19,4719
2019-12-20,4720
2019-12-23,4721
2019-12-24,4722
2019-12-26,4723
2019-12-27,4724
2019-12-30,4725
2019-12-31,4726
2020-01-01,4727
2020-01-02,4728
2020-01-03,4729
2020-01-06,4730
2020-01-07,4731
2020-01-08,4732
2020-01-09,4733
2020-01-10,4734
2020-01-13,4735
2020-01-14,4736
2020-01-15,4737
2020-01-16,4738
2020-01-17,4739
2020-01-20,4740
2020-01-21,4741
2020-01-22,4742
2020-01-23,4743
2020-01-24,4744
2020-01-27,4745
2020-01-28,4746
2020-01-29,4747
2020-01-30,4748
2020-01-31,4749
2020-02-01,4750
2020-02-03,4751
2020-02-04,4752
2020-02-05,4753
2020-02-06,4754
2020-02-07,4755
2020-02-10,4756
2020-02-11,4757
2020-02-12,4758
2020-02-13,4759
2020-02-14,4760
2020-02-17,4761
2020-02-18,4762
2020-02-19,4763
2020-02-20,4764
2020-02-24,4765
2020-02-25,4766
2020-02-26,4767
2020-02-27,4768
2020-02-28,4769
2020-03-02,4770
2020-03-03,4771
2020-03-04,4772
2020-03-05,4773
2020-03-06,4774
2020-03-09,4775
2020-03-11,4776
2020-03-12,4777
2020-03-13,4778
2020-03-16,4779
2020-03-17,4780
2020-03-18,4781
2020-03-19,4782
2020-03-20,4783
2020-03-23,4784
2020-03-24,4785
2020-03-25,4786
2020-03-26,4787
2020-03-27,4788
2020-03-30,4789
2020-03-31,4790
2020-04-01,4791
2020-04-03,4792
2020-04-07,4793
2020-04-08,4794
2020-04-09,4795
2020-04-13,4796
2020-04-15,4797
2020-04-16,4798
2020-04-17,4799
2020-04-20,4800
2020-04-21,4801
2020-04-22,4802
2020-04-23,4803
2020-04-24,4804
2020-04-27,4805
2020-04-28,4806
2020-04-29,4807
2020-04-30,4808
2020-05-04,4809
2020-05-05,4810
2020-05-06,4811
2020-05-07,4812
2020-05-08,4813
2020-05-11,4814
2020-05-12,4815
2020-05-13,4816
2020-05-14,4817
2020-05-15,4818
2020-05-18,4819
2020-05-19,4820
2020-05-20,4821
2020-05-21,4822
2020-05-22,4823
2020-05-26,4824
2020-05-27,4825
2020-05-28,4826
2020-05-29,4827
2020-06-01,4828
2020-06-02,4829
2020-06-03,4830
2020-06-04,4831
2020-06-05,4832
2020-06-08,4833
2020-06-09,4834
2020-06-10,4835
2020-06-11,4836
2020-06-12,4837
2020-06-15,4838
2020-06-16,4839
2020-06-17,4840
2020-06-18,4841
2020-06-19,4842
2020-06-22,4843
2020-06-23,4844
2020-06-24,4845
2020-06-25,4846
2020-06-26,4847
2020-06-29,4848
2020-06-30,4849
2020-07-01,4850
2020-07-02,4851
2020-07-03,4852
2020-07-06,4853
2020-07-07,4854
2020-07-08,4855
2020-07-09,4856
2020-07-10,4857
2020-07-13,4858
2020-07-14,4859
2020-07-15,4860
2020-07-16,4861
2020-07-17,4862
2020-07-20,4863
2020-07-21,4864
2020-07-22,4865
2020-07-23,4866
2020-07-24,4867
2020-07-27,4868
2020-07-28,4869
2020-07-29,4870
2020-07-30,4871
2020-07-31,4872
2020-08-03,4873
2020-08-04,4874
2020-08-05,4875
2020-08-06,4876
2020-08-07,4877
2020-08-10,4878
2020-08-11,4879
2020-08-12,4880
2020-08-13,4881
2020-08-14,4882
2020-08-17,4883
2020-08-18,4884
2020-08-19,4885
2020-08-20,4886
2020-08-21,4887
2020-08-24,4888
2020-08-25,4889
2020-08-26,4890
2020-08-27,4891
2020-08-28,4892
2020-08-31,4893
2020-09-01,4894
2020-09-02,4895
2020-09-03,4896
2020-09-04,4897
2020-09-07,4898
2020-09-08,4899
2020-09-09,4900
2020-09-10,4901
2020-09-11,4902
2020-09-14,4903
2020-09-15,4904
2020-09-16,4905
2020-09-17,4906
2020-09-18,4907
2020-09-21,4908
2020-09-22,4909
2020-09-23,4910
2020-09-24,4911
2020-09-25,4912
2020-09-28,4913
2020-09-29,4914
2020-09-30,4915
2020-10-01,4916
2020-10-05,4917
2020-10-06,4918
2020-10-07,4919
2020-10-08,4920
2020-10-09,4921
2020-10-12,4922
2020-10-13,4923
2020-10-14,4924
2020-10-15,4925
2020-10-16,4926
2020-10-19,4927
2020-10-20,4928
2020-10-21,4929
2020-10-22,4930
2020-10-23,4931
2020-10-26,4932
2020-10-27,4933
2020-10-28,4934
2020-10-29,4935
2020-10-30,4936
2020-11-02,4937
2020-11-03,4938
2020-11-04,4939
2020-11-05,4940
2020-11-06,4941
2020-11-09,4942
2020-11-10,4943
2020-11-11,4944
2020-11-12,4945
2020-11-13,4946
2020-11-14,4947
2020-11-17,4948
2020-11-18,4949
2020-11-19,4950
2020-11-20,4951
2020-11-23,4952
2020-11-24,4953
2020-11-25,4954
2020-11-26,4955
2020-11-27,4956
2020-12-01,4957
2020-12-02,4958
2020-12-03,4959
2020-12-04,4960
2020-12-07,4961
2020-12-08,4962
2020-12-09,4963
2020-12-10,4964
2020-12-11,4965
2020-12-14,4966
2020-12-15,4967
2020-12-16,4968
2020-12-17,4969
2020-12-18,4970
2020-12-21,4971
2020-12-22,4972
2020-12-23,4973
2020-12-24,4974
2020-12-28,4975
2020-12-29,4976
2020-12-30,4977
2020-12-31,4978
2021-01-01,4979
2021-01-04,4980
2021-01-05,4981
2021-01-06,4982
2021-01-07,4983
2021-01-08,4984
2021-01-11,4985
2021-01-12,4986
2021-01-13,4987
2021-01-14,4988
2021-01-15,4989
2021-01-18,4990
2021-01-19,4991
2021-01-20,4992
2021-01-21,4993
2021-01-22,4994
2021-01-25,4995
2021-01-27,4996
2021-01-28,4997
2021-01-29,4998
2021-02-01,4999
2021-02-02,5000
2021-02-03,5001
2021-02-04,5002
2021-02-05,5003
2021-02-08,5004
2021-02-09,5005
2021-02-10,5006
2021-02-11,5007
2021-02-12,5008
2021-02-15,5009
2021-02-16,5010
2021-02-17,5011
2021-02-18,5012
2021-02-19,5013
2021-02-22,5014
2021-02-23,5015
2021-02-24,5016
2021-02-25,5017
2021-02-26,5018
2021-03-01,5019
2021-03-02,5020
2021-03-03,5021
2021-03-04,5022
2021-03-05,5023
2021-03-08,5024
2021-03-09,5025
2021-03-10,5026
2021-03-12,5027
2021-03-15,5028
2021-03-16,5029
2021-03-17,5030
2021-03-18,5031
2021-03-19,5032
2021-03-22,5033
2021-03-23,5034
2021-03-24,5035
2021-03-25,5036
2021-03-26,5037
2021-03-30,5038
2021-03-31,5039
2021-04-01,5040
2021-04-05,5041
2021-04-06,5042
2021-04-07,5043
2021-04-08,5044
2021-04-09,5045
2021-04-12,5046
2021-04-13,5047
2021-04-15,5048
2021-04-16,5049
2021-04-19,5050
2021-04-20,5051
2021-04-22,5052
2021-04-23,5053
2021-04-26,5054
2021-04-27,5055
2021-04-28,5056
2021-04-29,5057
2021-04-30,5058
2021-05-03,5059
2021-05-04,5060
2021-05-05,5061
2021-05-06,5062
2021-05-07,5063
2021-05-10,5064
2021-05-11,5065
2021-05-12,5066
2021-05-14,5067
2021-05-17,5068
2021-05-18,5069
2021-05-19,5070
2021-05-20,5071
2021-05-21,5072
2021-05-24,5073
2021-05-25,5074
2021-05-26,5075
2021-05-27,5076
2021-05-28,5077
2021-05-31,5078
2021-06-01,5079
2021-06-02,5080
2021-06-03,5081
2021-06-04,5082
2021-06-07,5083
2021-06-08,5084
2021-06-09,5085
2021-06-10,5086
2021-06-11,5087
2021-06-14,5088
2021-06-15,5089
2021-06-16,5090
2021-06-17,5091
2021-06-18,5092
2021-06-21,5093
2021-06-22,5094
2021-06-23,5095
2021-06-24,5096
2021-06-25,5097
2021-06-28,5098
2021-06-29,5099
2021-06-30,5100
2021-07-01,5101
2021-07-02,5102
2021-07-05,5103
2021-07-06,5104
2021-07-07,5105
2021-07-08,5106
2021-07-09,5107
2021-07-12,5108
2021-07-13,5109
2021-07-14,5110
2021-07-15,5111
2021-07-16,5112
2021-07-19,5113
2021-07-20,5114
2021-07-22,5115
2021-07-23,5116
2021-07-26,5117
2021-07-27,5118
2021-07-28,5119
2021-07-29,5120
2021-07-30,5121
2021-08-02,5122
2021-08-03,5123
2021-08-04,5124
2021-08-05,5125
2021-08-06,5126
2021-08-09,5127
2021-08-10,5128
2021-08-11,5129
2021-08-12,5130
2021-08-13,5131
2021-08-16,5132
2021-08-17,5133
2021-08-18,5134
2021-08-20,5135
2021-08-23,5136
2021-08-24,5137
2021-08-25,5138
2021-08-26,5139
2021-08-27,5140
2021-08-30,5141
2021-08-31,5142
2021-09-01,5143
2021-09-02,5144
2021-09-03,5145
2021-09-06,5146
2021-09-07,5147
2021-09-08,5148
2021-09-09,5149
2021-09-13,5150
2021-09-14,5151
2021-09-15,5152
2021-09-16,5153
2021-09-17,5154
2021-09-20,5155
2021-09-21,5156
2021-09-22,5157
2021-09-23,5158
2021-09-24,5159
2021-09-27,5160
2021-09-28,5161
2021-09-29,5162
2021-09-30,5163
2021-10-01,5164
2021-10-04,5165
2021-10-05,5166
2021-10-06,5167
2021-10-07,5168
2021-10-08,5169
2021-10-11,5170
2021-10-12,5171
2021-10-13,5172
2021-10-14,5173
2021-10-18,5174
2021-10-19,5175
2021-10-20,5176
2021-10-21,5177
2021-10-22,5178
2021-10-25,5179
2021-10-26,5180
2021-10-27,5181
2021-10-28,5182
2021-10-29,5183
2021-11-01,5184
2021-11-02,5185
2021-11-03,5186
2021-11-04,5187
2021-11-08,5188
2021-11-09,5189
2021-11-10,5190
2021-11-11,5191
2021-11-12,5192
2021-11-15,5193
2021-11-16,5194
2021-11-17,5195
2021-11-18,5196
2021-11-22,5197
2021-11-23,5198
2021-11-24,5199
2021-11-25,5200
2021-11-26,5201
2021-11-29,5202
2021-11-30,5203
2021-12-01,5204
2021-12-02,5205
2021-12-03,5206
2021-12-06,5207
2021-12-07,5208
2021-12-08,5209
2021-12-09,5210
2021-12-10,5211
2021-12-13,5212
2021-12-14,5213
2021-12-15,5214
2021-12-16,5215
2021-12-17,5216
2021-12-20,5217
2021-12-21,5218
2021-12-22,5219
2021-12-23,5220
2021-12-24,5221
2021-12-27,5222
2021-12-28,5223
2021-12-29,5224
2021-12-30,5225
2021-12-31,5226
2022-01-03,5227
2022-01-04,5228
2022-01-05,5229
2022-01-06,5230
2022-01-07,5231
2022-01-10,5232
2022-01-11,5233
2022-01-12,5234
2022-01-13,5235
2022-01-14,5236
2022-01-17,5237
2022-01-18,5238
2022-01-19,5239
2022-01-20,5240
2022-01-21,5241
2022-01-24,5242
2022-01-25,5243
2022-01-27,5244
2022-01-28,5245
2022-01-31,5246
2022-02-01,5247
2022-02-02,5248
2022-02-03,5249
2022-02-04,5250
2022-02-07,5251
2022-02-08,5252
2022-02-09,5253
2022-02-10,5254
2022-02-11,5255
2022-02-14,5256
2022-02-15,5257
2022-02-16,5258
2022-02-17,5259
2022-02-18,5260
2022-02-21,5261
2022-02-22,5262
2022-02-23,5263
2022-02-24,5264
2022-02-25,5265
2022-02-28,5266
2022-03-02,5267
2022-03-03,5268
2022-03-04,5269
2022-03-07,5270
2022-03-08,5271
2022-03-09,5272
2022-03-10,5273
2022-03-11,5274
2022-03-14,5275
2022-03-15,5276
2022-03-16,5277
2022-03-17,5278
2022-03-21,5279
2022-03-22,5280
2022-03-23,5281
2022-03-24,5282
2022-03-25,5283
2022-03-28,5284
2022-03-29,5285
2022-03-30,5286
2022-03-31,5287
2022-04-01,5288
2022-04-04,5289
2022-04-05,5290
2022-04-06,5291
2022-04-07,5292
2022-04-08,5293
2022-04-11,5294
2022-04-12,5295
2022-04-13,5296
2022-04-18,5297
2022-04-19,5298
2022-04-20,5299
2022-04-21,5300
2022-04-22,5301
2022-04-25,5302
2022-04-26,5303
2022-04-27,5304
2022-04-28,5305
2022-04-29,5306
2022-05-02,5307
2022-05-04,5308
2022-05-05,5309
2022-05-06,5310
2022-05-09,5311
2022-05-10,5312
2022-05-11,5313
2022-05-12,5314
2022-05-13,5315
2022-05-16,5316
2022-05-17,5317
2022-05-18,5318
2022-05-19,5319
2022-05-20,5320
2022-05-23,5321
2022-05-24,5322
2022-05-25,5323
2022-05-26,5324
2022-05-27,5325
2022-05-30,5326
2022-05-31,5327
2022-06-01,5328
2022-06-02,5329
2022-06-03,5330
2022-06-06,5331
2022-06-07,5332
2022-06-08,5333
2022-06-09,5334
2022-06-10,5335
2022-06-13,5336
2022-06-14,5337
2022-06-15,5338
2022-06-16,5339
2022-06-17,5340
2022-06-20,5341
2022-06-21,5342
2022-06-22,5343
2022-06-23,5344
2022-06-24,5345
2022-06-27,5346
2022-06-28,5347
2022-06-29,5348
2022-06-30,5349
2022-07-01,5350
2022-07-04,5351
2022-07-05,5352
2022-07-06,5353
2022-07-07,5354
2022-07-08,5355
2022-07-11,5356
2022-07-12,5357
2022-07-13,5358
2022-07-14,5359
2022-07-15,5360
2022-07-18,5361
2022-07-19,5362
2022-07-20,5363
2022-07-21,5364
2022-07-22,5365
2022-07-25,5366
2022-07-26,5367
2022-07-27,5368
2022-07-28,5369
2022-07-29,5370
2022-08-01,5371
2022-08-02,5372
2022-08-03,5373
2022-08-04,5374
2022-08-05,5375
2022-08-08,5376
2022-08-10,5377
2022-08-11,5378
2022-08-12,5379
2022-08-16,5380
2022-08-17,5381
2022-08-18,5382
2022-08-19,5383
2022-08-22,5384
2022-08-23,5385
2022-08-24,5386
2022-08-25,5387
2022-08-26,5388
2022-08-29,5389
2022-08-30,5390
2022-09-01,5391
2022-09-02,5392
2022-09-05,5393
2022-09-06,5394
2022-09-07,5395
2022-09-08,5396
2022-09-09,5397
2022-09-12,5398
2022-09-13,5399
2022-09-14,5400
2022-09-15,5401
2022-09-16,5402
2022-09-19,5403
2022-09-20,5404
2022-09-21,5405
2022-09-22,5406
2022-09-23,5407
2022-09-26,5408
2022-09-27,5409
2022-09-28,5410
2022-09-29,5411
2022-09-30,5412
2022-10-03,5413
2022-10-04,5414
2022-10-06,5415
2022-10-07,5416
2022-10-10,5417
2022-10-11,5418
2022-10-12,5419
2022-10-13,5420
2022-10-14,5421
2022-10-17,5422
2022-10-18,5423
2022-10-19,5424
2022-10-20,5425
2022-10-21,5426
2022-10-24,5427
2022-10-25,5428
2022-10-27,5429
2022-10-28,5430
2022-10-31,5431
2022-11-01,5432
2022-11-02,5433
2022-11-03,5434
2022-11-04,5435
2022-11-07,5436
2022-11-09,5437
2022-11-10,5438
2022-11-11,5439
2022-11-14,5440
2022-11-15,5441
2022-11-16,5442
2022-11-17,5443
2022-11-18,5444
2022-11-21,5445
2022-11-22,5446
2022-11-23,5447
2022-11-24,5448
2022-11-25,5449
2022-11-28,5450
2022-11-29,5451
2022-11-30,5452
2022-12-01,5453
2022-12-02,5454
2022-12-05,5455
2022-12-06,5456
2022-12-07,5457
2022-12-08,5458
2022-12-09,5459
2022-12-12,5460
2022-12-13,5461
2022-12-14,5462
2022-12-15,5463
2022-12-16,5464
2022-12-19,5465
2022-12-20,5466
2022-12-21,5467
2022-12-22,5468
2022-12-23,5469
2022-12-26,5470
2022-12-27,5471
2022-12-28,5472
2022-12-29,5473
2022-12-30,5474
2023-01-02,5475
2023-01-03,5476
2023-01-04,5477
2023-01-05,5478
2023-01-06,5479
2023-01-09,5480
2023-01-10,5481
2023-01-11,5482
2023-01-12,5483
2023-01-13,5484
2023-01-16,5485
2023-01-17,5486
2023-01-18,5487
2023-01-19,5488
2023-01-20,5489
2023-01-23,5490
2023-01-24,5491
2023-01-25,5492
2023-01-27,5493
2023-01-30,5494
2023-01-31,5495
2023-02-01,5496
2023-02-02,5497
2023-02-03,5498
2023-02-06,5499
2023-02-07,5500
2023-02-08,5501
2023-02-09,5502
2023-02-10,5503
2023-02-13,5504
2023-02-14,5505
2023-02-15,5506
2023-02-16,5507
2023-02-17,5508
2023-02-20,5509
2023-02-21,5510
2023-02-22,5511
2023-02-23,5512
2023-02-24,5513
2023-02-27,5514
2023-02-28,5515
2023-03-01,5516
2023-03-02,5517
2023-03-03,5518
2023-03-06,5519
2023-03-08,5520
2023-03-09,5521
2023-03-10,5522
2023-03-13,5523
2023-03-14,5524
2023-03-15,5525
2023-03-16,5526
2023-03-17,5527
2023-03-20,5528
2023-03-21,5529
2023-03-22,5530
2023-03-23,5531
2023-03-24,5532
2023-03-27,5533
2023-03-28,5534
2023-03-29,5535
2023-03-31,5536
2023-04-03,5537
2023-04-05,5538
2023-04-06,5539
2023-04-10,5540
2023-04-11,5541
2023-04-12,5542
2023-04-13,5543
2023-04-17,5544
2023-04-18,5545
2023-04-19,5546
2023-04-20,5547
2023-04-21,5548
2023-04-24,5549
2023-04-25,5550
2023-04-26,5551
2023-04-27,5552
2023-04-28,5553
2023-05-02,5554
2023-05-03,5555
2023-05-04,5556
2023-05-05,5557
2023-05-08,5558
2023-05-09,5559
2023-05-10,5560
2023-05-11,5561
2023-05-12,5562
2023-05-15,5563
2023-05-16,5564
2023-05-17,5565
2023-05-18,5566
2023-05-19,5567
2023-05-22,5568
2023-05-23,5569
2023-05-24,5570
2023-05-25,5571
2023-05-26,5572
2023-05-29,5573
2023-05-30,5574
2023-05-31,5575
2023-06-01,5576
2023-06-02,5577
2023-06-05,5578
2023-06-06,5579
2023-06-07,5580
2023-06-08,5581
2023-06-09,5582
2023-06-12,5583
2023-06-13,5584
2023-06-14,5585
2023-06-15,5586
2023-06-16,5587
2023-06-19,5588
2023-06-20,5589
2023-06-21,5590
2023-06-22,5591
2023-06-23,5592
2023-06-26,5593
2023-06-27,5594
2023-06-28,5595
2023-06-30,5596
2023-07-03,5597
2023-07-04,5598
2023-07-05,5599
2023-07-06,5600
2023-07-07,5601
2023-07-10,5602
2023-07-11,5603
2023-07-12,5604
2023-07-13,5605
2023-07-14,5606
2023-07-17,5607
2023-07-18,5608
2023-07-19,5609
2023-07-20,5610
2023-07-21,5611
2023-07-24,5612
2023-07-25,5613
2023-07-26,5614
2023-07-27,5615
2023-07-28,5616
2023-07-31,5617
2023-08-01,5618
2023-08-02,5619
2023-08-03,5620
2023-08-04,5621
2023-08-07,5622
2023-08-08,5623
2023-08-09,5624
2023-08-10,5625
2023-08-11,5626
2023-08-14,5627
2023-08-16,5628
2023-08-17,5629
2023-08-18,5630
2023-08-21,5631
2023-08-22,5632
2023-08-23,5633
2023-08-24,5634
2023-08-25,5635
2023-08-28,5636
2023-08-29,5637
2023-08-30,5638
2023-08-31,5639
2023-09-01,5640
2023-09-04,5641
2023-09-05,5642
2023-09-06,5643
2023-09-07,5644
2023-09-08,5645
2023-09-11,5646
2023-09-12,5647
2023-09-13,5648
2023-09-14,5649
2023-09-15,5650
2023-09-18,5651
2023-09-20,5652
2023-09-21,5653
2023-09-22,5654
2023-09-25,5655
2023-09-26,5656
2023-09-27,5657
2023-09-28,5658
2023-09-29,5659
2023-10-03,5660
2023-10-04,5661
2023-10-05,5662
2023-10-06,5663
2023-10-09,5664
2023-10-10,5665
2023-10-11,5666
2023-10-12,5667
2023-10-13,5668
2023-10-16,5669
2023-10-17,5670
2023-10-18,5671
2023-10-19,5672
2023-10-20,5673
2023-10-23,5674
2023-10-25,5675
2023-10-26,5676
2023-10-27,5677
2023-10-30,5678
2023-10-31,5679
2023-11-01,5680
2023-11-02,5681
2023-11-03,5682
2023-11-06,5683
2023-11-07,5684
2023-11-08,5685
2023-11-09,5686
2023-11-10,5687
2023-11-13,5688
2023-11-15,5689
2023-11-16,5690
2023-11-17,5691
2023-11-20,5692
2023-11-21,5693
2023-11-22,5694
2023-11-23,5695
2023-11-24,5696
2023-11-28,5697
2023-11-29,5698
2023-11-30,5699
2023-12-01,5700
2023-12-04,5701
2023-12-05,5702
2023-12-06,5703
2023-12-07,5704
2023-12-08,5705
2023-12-11,5706
2023-12-12,5707
2023-12-13,5708
2023-12-14,5709
2023-12-15,5710
2023-12-18,5711
2023-12-19,5712
2023-12-20,5713
2023-12-21,5714
2023-12-22,5715
2023-12-26,5716
2023-12-27,5717
2023-12-28,5718
2023-12-29,5719
2024-01-01,5720
2024-01-02,5721
2024-01-03,5722
2024-01-04,5723
2024-01-05,5724
2024-01-08,5725
2024-01-09,5726
2024-01-10,5727
2024-01-11,5728
2024-01-12,5729
2024-01-15,5730
2024-01-16,5731
2024-01-17,5732
2024-01-18,5733
2024-01-19,5734
2024-01-20,5735
2024-01-23,5736
2024-01-24,5737
2024-01-25,5738
2024-01-29,5739
2024-01-30,5740
2024-01-31,5741
2024-02-01,5742
2024-02-02,5743
2024-02-05,5744
2024-02-06,5745
2024-02-07,5746
2024-02-08,5747
2024-02-09,5748
2024-02-12,5749
2024-02-13,5750
2024-02-14,5751
2024-02-15,5752
2024-02-16,5753
2024-02-19,5754
2024-02-20,5755
2024-02-21,5756
2024-02-22,5757
2024-02-23,5758
2024-02-26,5759
2024-02-27,5760
2024-02-28,5761
2024-02-29,5762
2024-03-01,5763
2024-03-04,5764
2024-03-05,5765
2024-03-06,5766
2024-03-07,5767
2024-03-11,5768
2024-03-12,5769
2024-03-13,5770
2024-03-14,5771
2024-03-15,5772
2024-03-18,5773
2024-03-19,5774
2024-03-20,5775
2024-03-21,5776
2024-03-22,5777
2024-03-26,5778
2024-03-27,5779
2024-03-28,5780
2024-04-01,5781
2024-04-02,5782
2024-04-03,5783
2024-04-04,5784
2024-04-05,5785
2024-04-08,5786
2024-04-09,5787
2024-04-10,5788
2024-04-12,5789
2024-04-15,5790
2024-04-16,5791
2024-04-18,5792
2024-04-19,5793
2024-04-22,5794
2024-04-23,5795
2024-04-24,5796
2024-04-25,5797
2024-04-26,5798
2024-04-29,5799
2024-04-30,5800
2024-05-02,5801
2024-05-03,5802
2024-05-06,5803
2024-05-07,5804
2024-05-08,5805
2024-05-09,5806
2024-05-10,5807
2024-05-13,5808
2024-05-14,5809
2024-05-15,5810
2024-05-16,5811
2024-05-17,5812
2024-05-21,5813
2024-05-22,5814
2024-05-23,5815
2024-05-24,5816
2024-05-27,5817
2024-05-28,5818
2024-05-29,5820
2024-05-30,5821
2024-05-31,5822
2024-06-03,5823
2024-06-04,5824
2024-06-05,5825
2024-06-06,5826
2024-06-07,5827
2024-06-10,5828
2024-06-11,5829
2024-06-12,5830
2024-06-13,5831
2024-06-14,5832
2024-06-18,5833
2024-06-19,5834
2024-06-20,5835
2024-06-21,5836
2024-06-24,5837
2024-06-25,5838
2024-06-26,5839
2024-06-27,5840
2024-06-28,5841
2024-07-01,5842
2024-07-02,5843
2024-07-03,5844
2024-07-04,5845
2024-07-05,5846
2024-07-08,5847
2024-07-09,5848
2024-07-10,5849
2024-07-11,5850
2024-07-12,5851
2024-07-15,5852
2024-07-16,5853
2024-07-18,5854
2024-07-19,5855
2024-07-22,5856
2024-07-23,5857
2024-07-24,5858
2024-07-25,5859
2024-07-26,5860
2024-07-29,5861
2024-07-30,5862
2024-07-31,5863
2024-08-01,5864
2024-08-02,5865
2024-08-05,5866
2024-08-06,5867
2024-08-07,5868
2024-08-08,5869
2024-08-09,5870
2024-08-12,5871
2024-08-13,5872
2024-08-14,5873
2024-08-16,5874
2024-08-19,5875
2024-08-20,5876
2024-08-21,5877
2024-08-22,5878
2024-08-23,5879
